"please_tell_us_your_gender","keep"
"female","keep"
"female","keep"
"female","keep"
"female","keep"
"female","keep"
"female","exclude"
"female","keep"
"female","keep"
"male","keep"
"female","keep"
"female","exclude"
"female","keep"
"male","keep"
"female","keep"
"female","keep"
"female","exclude"
"female","exclude"
"female","keep"
"male","keep"
"female","keep"
"male","keep"
"female","keep"
"female","keep"
"female","keep"
"female","keep"
"male","keep"
"male","keep"
"male","keep"
"male","keep"
"male","keep"
"female","keep"
"male","keep"
"female","keep"
"female","keep"
"female","keep"
"female","keep"
"female","keep"
"female","keep"
"female","keep"
"female","keep"
"male","keep"
"female","keep"
"female","keep"
"female","keep"
"female","keep"
"female","keep"
"female","keep"
"female","keep"
"female","exclude"
"female","keep"
"female","keep"
"male","keep"
"female","keep"
"female","keep"
"female","keep"
"male","keep"
"female","keep"
"female","keep"
"female","keep"
"female","keep"
"female","keep"
"male","keep"
"female","exclude"
"male","keep"
"male","keep"
"female","keep"
"female","keep"
"female","keep"
"male","keep"
"male","keep"
"female","exclude"
"female","keep"
"female","keep"
"female","keep"
"female","keep"
"female","keep"
"female","keep"
"male","keep"
"female","keep"
"female","keep"
"female","exclude"
"other","keep"
"female","keep"
"female","keep"
"female","keep"
"female","keep"
"male","keep"
"female","keep"
"male","keep"
"male","keep"
"female","keep"
"female","keep"
"female","exclude"
"male","keep"
"female","keep"
"male","keep"
"female","keep"
"female","keep"
"female","keep"
"female","keep"
"male","keep"
"female","exclude"
"male","keep"
"female","keep"
"female","keep"
"female","keep"
"female","keep"
"female","keep"
"female","keep"
"female","keep"
