"word_id","first","original_pair","second","syll","original_freq","replacement_pair","replacement_syll","replacement_freq","freq_diff","char_diff","letter_diff","original_word","replacement_word"
4,"ai","ai-ds","ds",1,2,"ai-ng","ng",2,0,0,1,"aids","aing"
660,"bum","bum-last_blank","last_blank",2,7,"dey-last_blank","dey",7,0,0,1,"album","aldey"
313,"first_blank","first_blank-ấm","ấm",1,1,"first_blank-ól","ól",1,0,0,1,"ấm áp","ól áp"
625,"first_blank","first_blank-âm","âm",1,2,"first_blank-rý","rý",2,0,0,1,"âm đạo","rý đạo"
952," lịch"," lịch-last_blank","last_blank",2,1,"sosch-last_blank","sosch",1,0,0,1,"âm lịch","âmsosch"
703," mưu"," mưu-last_blank","last_blank",2,1,"cmới-last_blank","cmới",1,0,0,1,"âm mưu","âmcmới"
280," cắp"," cắp-last_blank","last_blank",2,1," có -last_blank"," có ",1,0,0,1,"ăn cắp","ăn có "
728," toàn"," toàn-last_blank","last_blank",2,1,"stern-last_blank","stern",1,0,0,1,"an toàn","anstern"
143," tượng"," tượng-last_blank","last_blank",2,1,"htđứng-last_blank","htđứng",1,0,0,1,"ấn tượng","ấnhtđứng"
992,"first_blank","first_blank-anar","anar",2,2,"first_blank-smir","smir",2,0,0,1,"anarchy","smirchy"
899,"h bạn","h bạn-last_blank","last_blank",2,1,"hesun-last_blank","hesun",1,0,0,1,"anh bạn","anhesun"
135,"h hùng","h hùng-last_blank","last_blank",2,1,"gchung-last_blank","gchung",1,0,0,1,"anh hùng","angchung"
484,"h hưởng","h hưởng-last_blank","last_blank",2,1,"hĩarằng-last_blank","hĩarằng",1,0,0,2,"ảnh hưởng","ảnhĩarằng"
142," giác"," giác-last_blank","last_blank",2,1,"hgiới-last_blank","hgiới",1,0,0,1,"ảo giác","ảohgiới"
420,"first_blank","first_blank-áo s","áo s",2,1,"first_blank-lool","lool",1,0,0,1,"áo sơ mi","loolơ mi"
16," dụng"," dụng-last_blank","last_blank",2,1,"cường-last_blank","cường",1,0,0,1,"áp dụng","ápcường"
989,"se","se-nal","nal",3,1,"se-phus","phus",1,0,1,1,"arsenal","arsephus"
725,"pi","pi-rin","rin",3,1,"pi-lots","lots",1,0,1,1,"aspirin","aspilots"
859,"as","as-s","s",1,14,"nk-s","nk",14,0,0,1,"ass","nks"
334,"u thuật","u thuật-last_blank","last_blank",4,1,"carthur-last_blank","carthur",1,0,0,1,"bác sĩ phẫu thuật","bác sĩ phẫcarthur"
873,"first_blank","first_blank-bài","bài",2,2,"first_blank-gir","gir",2,0,0,1,"bài bạc","gir bạc"
487,"first_blank","first_blank-bài","bài",2,2,"first_blank-nhg","nhg",2,0,0,1,"bài báo","nhg báo"
611,"tậ","tậ-p","p",1,2,"ou-p","ou",2,0,0,1,"bài tập","bài oup"
532,"first_blank","first_blank-bài ","bài ",2,1,"first_blank-brok","brok",1,0,0,1,"bài thơ","brokthơ"
864,"bà","bà-n","n",1,1,"ef-n","ef",1,0,0,1,"bàn","efn"
391,"bắ","bắ-n","n",1,1,"iç-n","iç",1,0,0,1,"bắn","içn"
666,"u giá","u giá-last_blank","last_blank",2,1,"ungày-last_blank","ungày",1,0,0,1,"bán đấu giá","bán đấungày"
853," kính"," kính-last_blank","last_blank",2,1,"chínk-last_blank","chínk",1,0,0,1,"bán kính","bánchínk"
350," là"," là-last_blank","last_blank",2,1,"cát-last_blank","cát",1,0,0,1,"bàn là","bàncát"
925," năng"," năng-last_blank","last_blank",2,1,"uđang-last_blank","uđang",1,0,0,1,"bản năng","bảnuđang"
742,"first_blank","first_blank-bắn","bắn",2,3,"first_blank-ode","ode",3,0,0,1,"bắn súng","ode súng"
60,"first_blank","first_blank-bận","bận",2,2,"first_blank-nhp","nhp",2,0,0,1,"bận tâm","nhp tâm"
371,"thỉu","thỉu-last_blank","last_blank",2,1,"tião-last_blank","tião",1,0,0,1,"bẩn thỉu","bẩn tião"
291," văn"," văn-last_blank","last_blank",2,1,"vệnó-last_blank","vệnó",1,0,0,1,"bản văn","bảnvệnó"
850," cấp"," cấp-last_blank","last_blank",2,1,"hcób-last_blank","hcób",1,0,0,1,"bằng cấp","bằnghcób"
799," chứng"," chứng-last_blank","last_blank",2,1,"choơng-last_blank","choơng",1,0,0,1,"bằng chứng","bằngchoơng"
601,"first_blank","first_blank-băng ","băng ",2,1,"first_blank-tanga","tanga",1,0,0,1,"băng nhóm","tanganhóm"
614,"first_blank","first_blank-bánh m","bánh m",3,1,"first_blank-bínóng","bínóng",1,0,0,1,"bánh mì sandwich","bínóngì sandwich"
481,"first_blank","first_blank-bá","bá",1,38,"first_blank-oc","oc",38,0,0,1,"bánh mỳ","ocnh mỳ"
24,"ban","ban-ker","ker",2,1,"gis-ker","gis",1,0,0,1,"banker","gisker"
942,"bã","bã-o","o",1,1,"hh-o","hh",1,0,0,1,"bão","hho"
245," cáo"," cáo-last_blank","last_blank",2,1,"thio-last_blank","thio",1,0,0,1,"báo cáo","báothio"
966,"first_blank","first_blank-báo","báo",2,9,"first_blank-lom","lom",9,0,0,1,"báo chí","lom chí"
821,"bá","bá-o ","o ",1,1,"bá-ng","ng",1,0,0,1,"báo động","bángđộng"
609,"first_blank","first_blank-bảo","bảo",2,11,"first_blank-wer","wer",11,0,0,1,"bảo hành","wer hành"
940,"first_blank","first_blank-bả","bả",1,19,"first_blank-đố","đố",19,0,0,1,"bảo mẫu","đốo mẫu"
886,"tồ","tồ-n","n",1,1,"iầ-n","iầ",1,0,0,1,"bảo tồn","bảo iần"
440," vệ"," vệ-last_blank","last_blank",2,1,"efm-last_blank","efm",1,0,0,1,"bảo vệ","bảoefm"
955," cóc"," cóc-last_blank","last_blank",3,1,"drie-last_blank","drie",1,0,0,1,"bắt cóc","bắtdrie"
145," công"," công-last_blank","last_blank",3,1,"olệnh-last_blank","olệnh",1,0,0,1,"bất công","bấtolệnh"
232,"t động sản","t động sản-last_blank","last_blank",2,1,"cốgắngsống-last_blank","cốgắngsống",1,0,0,5,"bất động sản","bấcốgắngsống"
380," pháp"," pháp-last_blank","last_blank",3,1,"hgiám-last_blank","hgiám",1,0,0,1,"bất hợp pháp","bất hợphgiám"
922," lực"," lực-last_blank","last_blank",2,1,"clon-last_blank","clon",1,0,0,1,"bất lực","bấtclon"
273,"first_blank","first_blank-bầ","bầ",1,7,"first_blank-xố","xố",7,0,0,1,"bầu trời","xốu trời"
866,"first_blank","first_blank-bầ","bầ",1,7,"first_blank-dề","dề",7,0,0,1,"bầy đàn","dềy đàn"
575," tông"," tông-last_blank","last_blank",2,1,"koung-last_blank","koung",1,0,0,1,"bê tông","bêkoung"
251,"first_blank","first_blank-bên ","bên ",2,1,"first_blank-bidd","bidd",1,0,0,1,"bên phải","biddphải"
210,"nhân","nhân-last_blank","last_blank",2,1,"hạnh-last_blank","hạnh",1,0,0,1,"bệnh nhân","bệnh hạnh"
935,"u chảy","u chảy-last_blank","last_blank",5,1,"rađược-last_blank","rađược",1,0,0,1,"bệnh tiêu chảy","bệnh tiêrađược"
340,"first_blank","first_blank-bện","bện",2,1,"first_blank-usm","usm",1,0,0,1,"bệnh viện","usmh viện"
154,"first_blank","first_blank-bị ","bị ",2,1,"first_blank-đai","đai",1,0,0,1,"bị khóa","đaikhóa"
264," mật"," mật-last_blank","last_blank",2,1,"cmới-last_blank","cmới",1,0,0,1,"bí mật","bícmới"
301,"uật, mẹo","uật, mẹo-last_blank","last_blank",4,1,"thiếumột-last_blank","thiếumột",1,0,0,3,"bí quyết, thuật, mẹo","bí quyết, ththiếumột"
398,"ển","ển-last_blank","last_blank",1,16,"ặc-last_blank","ặc",16,0,0,1,"biển","biặc"
519," cố"," cố-last_blank","last_blank",2,1,"tắc-last_blank","tắc",1,0,0,1,"biến cố","biếntắc"
116,"ẫu","ẫu-last_blank","last_blank",1,3,"ạp-last_blank","ạp",3,0,0,1,"biểu mẫu","biểu mạp"
819,"phục","phục-last_blank","last_blank",3,1,"lexx-last_blank","lexx",1,0,0,1,"bình phục","bình lexx"
202,"thường","thường-last_blank","last_blank",3,1,"hëuñng-last_blank","hëuñng",1,0,0,1,"bình thường","bình hëuñng"
564,"bò","bò-last_blank","last_blank",1,1,"同啊-last_blank","同啊",1,0,0,1,"bò","同啊"
77,"bố","bố-last_blank","last_blank",1,42,"ợc-last_blank","ợc",44,2,0,1,"bố","ợc"
805," biển"," biển-last_blank","last_blank",2,1,"sđiểm-last_blank","sđiểm",1,0,0,1,"bờ biển","bờsđiểm"
496,"ập","ập-last_blank","last_blank",1,14,"of-last_blank","of",14,0,0,1,"bộ sưu tập","bộ sưu tof"
359,"bo","bo-m","m",1,1,"uừ-m","uừ",1,0,0,1,"bom","uừm"
875,"first_blank","first_blank-bơ","bơ",1,7,"first_blank-àđ","àđ",7,0,0,1,"bơm","àđm"
267,"first_blank","first_blank-bó","bó",1,10,"first_blank-ản","ản",10,0,0,1,"bóng","ảnng"
497,"g rổ","g rổ-last_blank","last_blank",2,1,"sort-last_blank","sort",1,0,0,1,"bóng rổ","bónsort"
78,"first_blank","first_blank-bóng","bóng",2,4,"first_blank-mant","mant",4,0,0,1,"bóng tối","mant tối"
779,"bo","bo-ot","ot",1,4,"li-ot","li",4,0,0,1,"boot","liot"
31,"bra","bra-vo","vo",2,1,"sol-vo","sol",1,0,0,1,"bravo","solvo"
588,"first_blank","first_blank-bữa","bữa",2,1,"first_blank-êmk","êmk",1,0,0,1,"bữa tối","êmk tối"
696,"bù","bù-n","n",1,1,"ỵề-n","ỵề",1,0,0,1,"bùn","ỵền"
258,"ồn","ồn-last_blank","last_blank",1,15,"bé-last_blank","bé",15,0,0,1,"buồn","bubé"
928,"bu","bu-ồn","ồn",1,5,"bu-sh","sh",5,0,0,1,"buồng","bushg"
284,"first_blank","first_blank-bướng","bướng",2,1,"first_blank-khung","khung",1,0,0,1,"bướng bỉnh","khung bỉnh"
652,"first_blank","first_blank-búp","búp",2,1,"first_blank-háo","háo",1,0,0,1,"búp bê","háo bê"
533,"sh","sh-last_blank","last_blank",1,58,"ds-last_blank","ds",58,0,0,1,"bush","buds"
455," mập"," mập-last_blank","last_blank",2,1,"drup-last_blank","drup",1,0,0,1,"cá mập","cádrup"
949,"gừ","gừ-last_blank","last_blank",1,2,"dạ-last_blank","dạ",2,0,0,1,"cá ngừ","cá ndạ"
490,"ca","ca- s"," s",1,1,"ca-co","co",1,0,0,1,"ca sĩ","cacoĩ"
34,"ca","ca-bin","bin",2,2,"ca-dor","dor",2,0,0,1,"cabin","cador"
727,"first_blank","first_blank-cae","cae",2,6,"first_blank-máy","máy",6,0,0,1,"caesar","máysar"
772," bát"," bát-last_blank","last_blank",2,1,"cbua-last_blank","cbua",1,0,0,1,"cái bát","cáicbua"
315,"i ","i -gì","gì",1,1,"là-gì","là",1,0,0,1,"cái gì","cálàgì"
572,"first_blank","first_blank-cái ","cái ",3,1,"first_blank-desp","desp",1,0,0,1,"cái khiên","despkhiên"
530,"mề","mề-n","n",1,1,"vở-n","vở",1,0,0,1,"cái mền","cái vởn"
747,"thìa","thìa-last_blank","last_blank",2,1,"chup-last_blank","chup",1,0,0,1,"cái thìa","cái chup"
35,"re","re-last_blank","last_blank",4,669,"re-nesmeeđang","nesmeeđang",1,668,0,3,"calibre","calibrenesmeeđang"
921,"first_blank","first_blank-cấ","cấ",1,10,"first_blank-ản","ản",10,0,0,1,"cấm","ảnm"
628,"first_blank","first_blank-cảm","cảm",2,1,"first_blank-mri","mri",1,0,0,1,"cảm biến","mri biến"
642,"first_blank","first_blank-cân","cân",2,2,"first_blank-sót","sót",2,0,0,1,"cân nặng","sót nặng"
582,"nhà","nhà-last_blank","last_blank",2,1,"fol-last_blank","fol",1,0,0,1,"căn nhà","căn fol"
181,"first_blank","first_blank-cần","cần",2,10,"first_blank-nướ","nướ",10,0,0,1,"cần thiết","nướ thiết"
283,"thẳng","thẳng-last_blank","last_blank",2,1,"taynh-last_blank","taynh",1,0,0,1,"căng thẳng","căng taynh"
314,"first_blank","first_blank-cản","cản",2,10,"first_blank-sat","sat",10,0,0,1,"cảnh báo","sath báo"
563,"t trưởng","t trưởng-last_blank","last_blank",3,1,"hảotưởng-last_blank","hảotưởng",1,0,0,1,"cảnh sát trưởng","cảnh sáhảotưởng"
621,"cá","cá-o","o",1,1,"dr-o","dr",1,0,0,1,"cáo","dro"
261,"first_blank","first_blank-cà","cà",1,16,"first_blank-tự","tự",16,0,0,1,"cào","tựo"
531,"cá","cá-p","p",1,1,"ku-p","ku",1,0,0,1,"cáp","kup"
891,"bon","bon-last_blank","last_blank",2,38,"gie-last_blank","gie",38,0,0,1,"carbon","cargie"
514,"first_blank","first_blank-cầ","cầ",1,13,"first_blank-hé","hé",13,0,0,1,"cầu","héu"
237," hỏi"," hỏi-last_blank","last_blank",2,1,"chọp-last_blank","chọp",1,0,0,1,"câu hỏi","câuchọp"
912,"first_blank","first_blank-cầu","cầu",2,1,"first_blank-düs","düs",1,0,0,1,"cầu hôn","düs hôn"
511,"first_blank","first_blank-câu l","câu l",2,1,"first_blank-chuồn","chuồn",1,0,0,1,"câu lạc bộ","chuồnạc bộ"
917," kim"," kim-last_blank","last_blank",2,1,"hpie-last_blank","hpie",1,0,0,1,"cây kim","câyhpie"
640,"n rồi","n rồi-last_blank","last_blank",3,1,"turks-last_blank","turks",1,0,0,1,"chắc chắn rồi","chắc chắturks"
446,"ậm","ậm-last_blank","last_blank",1,8,"uf-last_blank","uf",8,0,0,1,"chậm","chuf"
94,"first_blank","first_blank-chấm","chấm",2,1,"first_blank-jhoo","jhoo",1,0,0,1,"chấm dứt","jhoo dứt"
647,"first_blank","first_blank-chậm","chậm",2,1,"first_blank-conc","conc",1,0,0,1,"chậm rãi","conc rãi"
42,"first_blank","first_blank-chan","chan",3,46,"first_blank-over","over",40,6,0,1,"chancellor","overcellor"
192," hàng"," hàng-last_blank","last_blank",2,1,"pđúng-last_blank","pđúng",1,0,0,1,"chào hàng","chàopđúng"
789,"first_blank","first_blank-chấ","chấ",2,2,"first_blank-ise","ise",2,0,0,1,"chất đạm","iset đạm"
222,"first_blank","first_blank-chấ","chấ",2,2,"first_blank-typ","typ",2,0,0,1,"chất độc","typt độc"
664," hẹp"," hẹp-last_blank","last_blank",2,1,"rhic-last_blank","rhic",1,0,0,1,"chật hẹp","chậtrhic"
152," lỏng"," lỏng-last_blank","last_blank",2,1,"bring-last_blank","bring",1,0,0,1,"chất lỏng","chấtbring"
405,"ch","ch-âu","âu",1,3,"ch-tr","tr",3,0,0,1,"châu phi","chtr phi"
123,"ra","ra-i","i",1,1,"zì-i","zì",1,0,0,1,"cháu trai","cháu tzìi"
539,"ạy","ạy-last_blank","last_blank",1,7,"rb-last_blank","rb",7,0,0,1,"chạy","chrb"
746,"ch","ch-ạy","ạy",1,3,"ch-oi","oi",3,0,0,1,"chạy trốn","choi trốn"
69,"ch","ch-e","e",1,2,"za-e","za",2,0,0,1,"che","zae"
934,"èn","èn-last_blank","last_blank",1,11,"ậy-last_blank","ậy",11,0,0,1,"chèn","chậy"
701," chìm"," chìm-last_blank","last_blank",3,1,"chảđủ-last_blank","chảđủ",1,0,0,1,"chết chìm","chếtchảđủ"
876,"ch","ch-ết","ết",1,5,"ch-ắc","ắc",5,0,0,1,"chết người","chắc người"
268,"first_blank","first_blank-ch","ch",1,1009,"first_blank-ma","ma",993,16,0,1,"chỉ","maỉ"
148," cần"," cần-last_blank","last_blank",2,1,"nern-last_blank","nern",1,0,0,1,"chỉ cần","chỉnern"
335,"gá","gá-i","i",1,1,"dô-i","dô",1,0,0,1,"chị gái","chị dôi"
344," huy"," huy-last_blank","last_blank",2,1,"tauk-last_blank","tauk",1,0,0,1,"chỉ huy","chỉtauk"
467,"first_blank","first_blank-chìa ","chìa ",2,1,"first_blank-chuồn","chuồn",1,0,0,1,"chìa khóa","chuồnkhóa"
413,"c bàn","c bàn-last_blank","last_blank",2,1,"chbox-last_blank","chbox",1,0,0,1,"chiếc bàn","chiếchbox"
784,"c ","c -cú","cú",1,1,"es-cú","es",1,0,0,1,"chiếc cúp","chiếescúp"
54,"đấ","đấ-u","u",1,1,"ls-u","ls",1,0,0,1,"chiến đấu","chiến lsu"
870," dịch"," dịch-last_blank","last_blank",2,1,"tarch-last_blank","tarch",1,0,0,1,"chiến dịch","chiếntarch"
400,"thắng","thắng-last_blank","last_blank",2,1,"cmừng-last_blank","cmừng",1,0,0,1,"chiến thắng","chiến cmừng"
369," tranh"," tranh-last_blank","last_blank",2,1,"velanh-last_blank","velanh",1,0,0,1,"chiến tranh","chiếnvelanh"
773,"iế","iế-u ","u ",1,1,"iế-ns","ns",1,0,0,1,"chiếu sáng","chiếnssáng"
223,"first_blank","first_blank-chín","chín",2,20,"first_blank-cris","cris",20,0,0,1,"chính sách","crish sách"
428,"thức","thức-last_blank","last_blank",3,1,"colò-last_blank","colò",1,0,0,1,"chính thức","chính colò"
45,"ch","ch-ip","ip",1,2,"ch-hú","hú",2,0,0,1,"chip","chhú"
372,"ịu","ịu-last_blank","last_blank",1,4,"yj-last_blank","yj",4,0,0,1,"chịu","chyj"
735,"ch","ch-ịu","ịu",1,3,"ch-ap","ap",3,0,0,1,"chịu đựng","chap đựng"
733,"ch","ch-o ","o ",1,1,"ch-ép","ép",1,0,0,1,"cho ăn","chépăn"
312,"đã","đã-last_blank","last_blank",1,25,"ài-last_blank","ài",25,0,0,1,"chờ đã","chờ ài"
7,"first_blank","first_blank-cho ","cho ",2,1,"first_blank-nhạn","nhạn",1,0,0,1,"cho phép","nhạnphép"
436,"ch","ch-ơi","ơi",1,6,"ch-uô","uô",6,0,0,1,"chơi","chuô"
766,"ọn","ọn-last_blank","last_blank",1,6,"mh-last_blank","mh",6,0,0,1,"chọn","chmh"
437,"ch","ch-ồn","ồn",1,4,"ch-oá","oá",4,0,0,1,"chồng","choág"
138,"ch","ch-ồn","ồn",1,4,"ch-uồ","uồ",4,0,0,1,"chồng yêu","chuồg yêu"
308,"first_blank","first_blank-ch","ch",1,1009,"first_blank-ma","ma",993,16,0,1,"chú","maú"
329," chó"," chó-last_blank","last_blank",2,1,"chốt-last_blank","chốt",1,0,0,1,"chú chó","chúchốt"
21,"ch","ch-ữ ","ữ ",1,1,"ch-ẩu","ẩu",1,0,0,1,"chữ ký","chẩuký"
802,"ch","ch-ú ","ú ",1,1,"ch-áy","áy",1,0,0,1,"chú ý","cháyý"
156," tể"," tể-last_blank","last_blank",2,1,"nyj-last_blank","nyj",1,0,0,1,"chúa tể","chúanyj"
121," trời"," trời-last_blank","last_blank",2,1,"hàrồi-last_blank","hàrồi",1,0,0,1,"chúa trời","chúahàrồi"
62,"first_blank","first_blank-chú","chú",2,17,"first_blank-sti","sti",17,0,0,1,"chúc mừng","stic mừng"
332,"ch","ch-un","un",1,6,"ch-ic","ic",6,0,0,1,"chung","chicg"
473,"first_blank","first_blank-chứng","chứng",2,3,"first_blank-ngừng","ngừng",3,0,0,1,"chứng kiến","ngừng kiến"
23,"ch","ch-uố","uố",1,6,"ch-ơi","ơi",6,0,0,1,"chuối","chơii"
650,"uỗ","uỗ-i","i",1,1,"rò-i","rò",1,0,0,1,"chuỗi","chròi"
603,"first_blank","first_blank-chuyến","chuyến",2,1,"first_blank-shayen","shayen",1,0,0,1,"chuyến du lịch","shayen du lịch"
339," gái"," gái-last_blank","last_blank",2,1,"urụi-last_blank","urụi",1,0,0,1,"cô gái","côurụi"
304,"first_blank","first_blank-cố","cố",1,14,"first_blank-rr","rr",14,0,0,1,"cố gắng","rr gắng"
586," hội"," hội-last_blank","last_blank",2,1,"hộng-last_blank","hộng",1,0,0,1,"cơ hội","cơhộng"
168,"first_blank","first_blank-có","có",1,109,"first_blank-ab","ab",109,0,0,1,"có lẽ","ab lẽ"
976,"i viện","i viện-last_blank","last_blank",3,1,"tickin-last_blank","tickin",1,0,0,1,"cô nhi viện","cô nhtickin"
903," s"," s-ở","ở",1,1,"ex-ở","ex",1,0,0,1,"cơ sở","cơexở"
871,"first_blank","first_blank-cò","cò",1,11,"first_blank-gạ","gạ",11,0,0,1,"cò súng","gạ súng"
678,"first_blank","first_blank-cơ ","cơ ",2,1,"first_blank-thẩ","thẩ",1,0,0,1,"cơ thể người","thẩthể người"
444,"first_blank","first_blank-cốc ","cốc ",3,1,"first_blank-telé","telé",1,0,0,1,"cốc thủy tinh","teléthủy tinh"
351,"co","co-cai","cai",3,3,"co-vers","vers",3,0,1,1,"cocaine","coversne"
486,"first_blank","first_blank-cơn ","cơn ",2,1,"first_blank-bond","bond",1,0,0,1,"cơn ác mộng","bondác mộng"
365," bướm"," bướm-last_blank","last_blank",2,1,"gysớm-last_blank","gysớm",1,0,0,1,"con bướm","congysớm"
491," chuột"," chuột-last_blank","last_blank",2,1,"gchung-last_blank","gchung",1,0,0,1,"con chuột","congchung"
833,"co","co-n ","n ",1,1,"co-rd","rd",1,0,0,1,"con ếch","cordếch"
390,"gá","gá-i","i",1,1,"äã-i","äã",1,0,0,1,"con gái","con äãi"
813,"khỉ","khỉ-last_blank","last_blank",2,1,"daj-last_blank","daj",1,0,0,1,"con khỉ","con daj"
546," mắt"," mắt-last_blank","last_blank",2,1,"czyt-last_blank","czyt",1,0,0,1,"con mắt","conczyt"
373,"first_blank","first_blank-cơn","cơn",2,1,"first_blank-kib","kib",1,0,0,1,"cơn mưa","kib mưa"
28,"n ong","n ong-last_blank","last_blank",2,1,"cđứng-last_blank","cđứng",1,0,0,1,"con ong","cocđứng"
409," số"," số-last_blank","last_blank",2,1,"swa-last_blank","swa",1,0,0,1,"con số","conswa"
589," sống"," sống-last_blank","last_blank",2,1,"pxong-last_blank","pxong",1,0,0,1,"còn sống","cònpxong"
941," tem"," tem-last_blank","last_blank",2,1,"gree-last_blank","gree",1,0,0,1,"con tem","congree"
493," tin"," tin-last_blank","last_blank",2,1,"genn-last_blank","genn",1,0,0,1,"con tin","congenn"
731," bằng"," bằng-last_blank","last_blank",2,1,"uđang-last_blank","uđang",1,0,0,1,"công bằng","cônguđang"
326," chúa"," chúa-last_blank","last_blank",2,1,"chpan-last_blank","chpan",1,0,0,1,"công chúa","côngchpan"
38," giáo"," giáo-last_blank","last_blank",2,1,"cgiày-last_blank","cgiày",1,0,0,1,"công giáo","côngcgiày"
378,"ghệ","ghệ-last_blank","last_blank",2,1,"bén-last_blank","bén",1,0,0,1,"công nghệ","công nbén"
225,"g tin","g tin-last_blank","last_blank",3,1,"cathe-last_blank","cathe",1,0,0,1,"cổng thông tin","cổng thôncathe"
438," ty"," ty-last_blank","last_blank",2,1,"føx-last_blank","føx",1,0,0,1,"công ty","côngføx"
677," việc"," việc-last_blank","last_blank",2,1,"cvisẽ-last_blank","cvisẽ",1,0,0,1,"công việc","côngcvisẽ"
994,"first_blank","first_blank-cột","cột",2,1,"first_blank-nag","nag",1,0,0,1,"cột sống","nag sống"
194,"cũ","cũ-last_blank","last_blank",1,4,"hv-last_blank","hv",4,0,0,1,"cũ","hv"
119," chỉ"," chỉ-last_blank","last_blank",2,1,"hcởi-last_blank","hcởi",1,0,0,1,"cử chỉ","cửhcởi"
396,"sổ","sổ-last_blank","last_blank",1,1,"ûm-last_blank","ûm",1,0,0,1,"cửa sổ","cửa ûm"
767,"first_blank","first_blank-cửa","cửa",2,5,"first_blank-tây","tây",5,0,0,1,"cửa tiệm","tây tiệm"
852,"khoái","khoái-last_blank","last_blank",2,1,"knock-last_blank","knock",1,0,0,1,"cực khoái","cực knock"
102,"kì","kì-last_blank","last_blank",1,4,"uỵ-last_blank","uỵ",4,0,0,1,"cực kì","cực uỵ"
112,"cú","cú-m","m",1,1,"iề-m","iề",1,0,0,1,"cúm","iềm"
518,"ng","ng- đ"," đ",1,1,"ng-óe","óe",1,0,0,1,"cung điện","cungóeiện"
512," thoại"," thoại-last_blank","last_blank",3,1,"stroms-last_blank","stroms",1,0,0,1,"cuộc hội thoại","cuộc hộistroms"
58,"first_blank","first_blank-cuộc","cuộc",2,2,"first_blank-chrl","chrl",2,0,0,1,"cuộc thi","chrl thi"
381,"first_blank","first_blank-cuộc ","cuộc ",3,1,"first_blank-chúap","chúap",1,0,0,1,"cuộc thí nghiệm","chúapthí nghiệm"
534,"m lăng","m lăng-last_blank","last_blank",3,1,"tyđang-last_blank","tyđang",1,0,0,1,"cuộc xâm lăng","cuộc xâtyđang"
778,"first_blank","first_blank-cuộ","cuộ",2,13,"first_blank-ses","ses",13,0,0,1,"cuộc xung đột","sesc xung đột"
860,"first_blank","first_blank-cuối","cuối",2,2,"first_blank-cass","cass",2,0,0,1,"cuối cùng","cass cùng"
622,"first_blank","first_blank-cướp","cướp",2,1,"first_blank-chén","chén",1,0,0,1,"cướp biển","chén biển"
132,"first_blank","first_blank-cứu","cứu",2,9,"first_blank-yar","yar",9,0,0,1,"cứu giúp","yar giúp"
801,"da","da-last_blank","last_blank",1,361,"ie-last_blank","ie",99,262,0,1,"da","ie"
597,"đá","đá-last_blank","last_blank",1,2,"ël-last_blank","ël",2,0,0,1,"đá","ël"
9,"đã","đã-last_blank","last_blank",1,25,"lk-last_blank","lk",23,2,0,1,"đã","lk"
685," dày"," dày-last_blank","last_blank",2,1,"giey-last_blank","giey",1,0,0,1,"dạ dày","dạgiey"
461,"c biệt","c biệt-last_blank","last_blank",2,1,"o việt-last_blank","o việt",1,0,0,1,"đặc biệt","đặo việt"
705,"c quyền","c quyền-last_blank","last_blank",2,1,"htruyền-last_blank","htruyền",1,0,0,1,"đặc quyền","đặhtruyền"
616,"tr","tr-ưn","ưn",1,2,"ch-ưn","ch",2,0,0,1,"đặc trưng","đặc chưng"
445,"đà","đà-i","i",1,1,"ys-i","ys",1,0,0,1,"đài","ysi"
580,"first_blank","first_blank-đài k","đài k",2,1,"first_blank-đừngk","đừngk",1,0,0,1,"đài kỷ niệm","đừngkỷ niệm"
502,"lộ","lộ-last_blank","last_blank",1,1,"樣啊-last_blank","樣啊",1,0,0,1,"đại lộ","đại 樣啊"
3,"lý","lý-last_blank","last_blank",1,5,"pc-last_blank","pc",5,0,0,1,"đại lý","đại pc"
11,"sứ","sứ-last_blank","last_blank",1,2,"cí-last_blank","cí",2,0,0,1,"đại sứ","đại cí"
93,"first_blank","first_blank-đại s","đại s",2,1,"first_blank-sains","sains",1,0,0,1,"đại sứ quán","sainsứ quán"
171,"first_blank","first_blank-dặ","dặ",1,7,"first_blank-xì","xì",7,0,0,1,"dặm","xìm"
50," mây"," mây-last_blank","last_blank",2,1,"smột-last_blank","smột",1,0,0,1,"đám mây","đámsmột"
281,"dá","dá-n","n",1,1,"ào-n","ào",1,0,0,1,"dán","àon"
946,"first_blank","first_blank-dẫ","dẫ",1,6,"first_blank-nù","nù",6,0,0,1,"dẫn đường","nùn đường"
201,"first_blank","first_blank-dàn ","dàn ",2,1,"first_blank-damp","damp",1,0,0,1,"dàn nhạc","dampnhạc"
165,"first_blank","first_blank-đà","đà",1,12,"first_blank-lă","lă",12,0,0,1,"đàn ông","lăn ông"
451,"first_blank","first_blank-đàn","đàn",4,1,"first_blank-sadow","sadow",1,0,2,1,"đàn piano","sadow piano"
224," số"," số-last_blank","last_blank",2,1,"bột-last_blank","bột",1,0,0,1,"dân số","dânbột"
723," sự"," sự-last_blank","last_blank",2,1,"pđể-last_blank","pđể",1,0,0,1,"dân sự","dânpđể"
752,"first_blank","first_blank-dằn","dằn",2,1,"first_blank-hét","hét",1,0,0,1,"dằn vặt","hét vặt"
906,"ng","ng- s"," s",1,1,"ng-ếc","ếc",1,0,0,1,"đáng sợ","đángếcợ"
897,"first_blank","first_blank-đá","đá",1,25,"first_blank-bộ","bộ",25,0,0,1,"đánh","bộnh"
929,"á thấp","á thấp-last_blank","last_blank",4,1,"trnhnh-last_blank","trnhnh",1,0,0,1,"đánh giá quá thấp","đánh giá qutrnhnh"
39,"nhân","nhân-last_blank","last_blank",2,1,"nagh-last_blank","nagh",1,0,0,1,"danh nhân","danh nagh"
644,"đà","đà-o","o",1,1,"oẻ-o","oẻ",1,0,0,1,"đào","oẻo"
274," vỡ"," vỡ-last_blank","last_blank",2,1,"gyk-last_blank","gyk",1,0,0,1,"đập vỡ","đậpgyk"
149,"đấ","đấ-t","t",1,2,"óa-t","óa",2,0,0,1,"đất","óat"
559,"first_blank","first_blank-đắt","đắt",2,1,"first_blank-làa","làa",1,0,0,1,"đắt tiền","làa tiền"
900,"first_blank","first_blank-đầu","đầu",2,12,"first_blank-lớn","lớn",12,0,0,1,"đầu bếp","lớn bếp"
286,"khổ","khổ-last_blank","last_blank",2,1,"tog-last_blank","tog",1,0,0,1,"đau khổ","đau tog"
110,"iên","iên-last_blank","last_blank",3,1,"crux-last_blank","crux",1,0,1,1,"đầu tiên","đầu tcrux"
975,"u ","u -tr","tr",1,1,"ời-tr","ời",1,0,0,1,"đấu trường","đấờitrường"
133,"first_blank","first_blank-đâ","đâ",1,86,"first_blank-aa","aa",86,0,0,1,"đây","aay"
95,"đủ","đủ-last_blank","last_blank",1,5,"ịa-last_blank","ịa",5,0,0,1,"đầy đủ","đầy ịa"
861,"first_blank","first_blank-đẩy","đẩy",2,2,"first_blank-gìi","gìi",2,0,0,1,"đẩy vào","gìi vào"
407,"first_blank","first_blank-đê","đê",1,29,"first_blank-sư","sư",29,0,0,1,"đêm","sưm"
68,"first_blank","first_blank-đế","đế",1,24,"first_blank-tn","tn",24,0,0,1,"đếm","tnm"
528,"first_blank","first_blank-đế","đế",1,24,"first_blank-iv","iv",24,0,0,1,"đến","ivn"
432,"first_blank","first_blank-đè","đè",1,4,"first_blank-hể","hể",4,0,0,1,"đèn ngủ","hển ngủ"
17," nơi"," nơi-last_blank","last_blank",2,1,"mđôi-last_blank","mđôi",1,0,0,1,"đến nơi","đếnmđôi"
184,"first_blank","first_blank-đẹ","đẹ",1,15,"first_blank-ax","ax",15,0,0,1,"đẹp","axp"
215,"picnic","picnic-last_blank","last_blank",4,1,"ducted-last_blank","ducted",1,0,0,1,"đi chơi picnic","đi chơi ducted"
176," chuyển"," chuyển-last_blank","last_blank",2,1,"chãyđến-last_blank","chãyđến",1,0,0,2,"di chuyển","dichãyđến"
318," dỏm"," dỏm-last_blank","last_blank",2,1,"hdập-last_blank","hdập",1,0,0,1,"dí dỏm","díhdập"
134," s"," s-ản","ản",1,1,"ng-ản","ng",1,0,0,1,"di sản","dingản"
96," vào"," vào-last_blank","last_blank",2,1,"nàog-last_blank","nàog",1,0,0,1,"đi vào","đinàog"
307,"first_blank","first_blank-đĩa","đĩa",2,1,"first_blank-jju","jju",1,0,0,1,"đĩa bay","jju bay"
217,"first_blank","first_blank-đị","đị",1,15,"first_blank-sô","sô",15,0,0,1,"địa điểm","sôa điểm"
726,"first_blank","first_blank-đĩa ","đĩa ",2,1,"first_blank-đấyp","đấyp",1,0,0,1,"đĩa dvd","đấypdvd"
947,"ch vụ","ch vụ-last_blank","last_blank",2,1,"chuôt-last_blank","chuôt",1,0,0,1,"dịch vụ","dịchuôt"
221,"ểm","ểm-last_blank","last_blank",1,15,"ât-last_blank","ât",15,0,0,1,"điểm","điât"
743," cuồng"," cuồng-last_blank","last_blank",4,1,"cruits-last_blank","cruits",1,0,0,1,"điên cuồng","điêncruits"
81," tả"," tả-last_blank","last_blank",2,1,"orõ-last_blank","orõ",1,0,0,1,"diễn tả","diễnorõ"
66,"khiển","khiển-last_blank","last_blank",2,1,"chcon-last_blank","chcon",1,0,0,1,"điều khiển","điều chcon"
84,"gus","gus-ting","ting",3,1,"gus-hers","hers",1,0,0,1,"digusting","digushers"
663,"ỉ niệm","ỉ niệm-last_blank","last_blank",3,1,"tụđiểm-last_blank","tụđiểm",1,0,0,1,"dịp kỉ niệm","dịp ktụđiểm"
771,"first_blank","first_blank-dịu","dịu",2,1,"first_blank-lsé","lsé",1,0,0,1,"dịu dàng","lsé dàng"
962,"first_blank","first_blank-dn","dn",1,13,"first_blank-tû","tû",13,0,0,1,"dna","tûa"
797," ă"," ă-n","n",1,1,"nu-n","nu",1,0,0,1,"đồ ăn","đồnun"
568," bộ"," bộ-last_blank","last_blank",2,1,"cza-last_blank","cza",1,0,0,1,"đổ bộ","đổcza"
104," giả"," giả-last_blank","last_blank",2,1,"nóig-last_blank","nóig",1,0,0,1,"đồ giả","đồnóig"
300,"ới thiệu","ới thiệu-last_blank","last_blank",3,1,"hitôiđến-last_blank","hitôiđến",1,0,0,3,"đoạn phim giới thiệu","đoạn phim gihitôiđến"
328,"first_blank","first_blank-đọ","đọ",1,11,"first_blank-tệ","tệ",11,0,0,1,"đọc","tệc"
239,"c hiểu","c hiểu-last_blank","last_blank",2,1,"chđiều-last_blank","chđiều",1,0,0,1,"đọc hiểu","đọchđiều"
271,"thân","thân-last_blank","last_blank",2,1,"toré-last_blank","toré",1,0,0,1,"độc thân","độc toré"
424,"đồ","đồ-i","i",1,1,"ói-i","ói",1,0,0,1,"đồi","óii"
872,"first_blank","first_blank-đối","đối",2,4,"first_blank-swa","swa",4,0,0,1,"đối diện","swa diện"
637,"first_blank","first_blank-đơn","đơn",2,4,"first_blank-zou","zou",4,0,0,1,"đơn giản","zou giản"
646," vị"," vị-last_blank","last_blank",2,1,"hkể-last_blank","hkể",1,0,0,1,"đơn vị","đơnhkể"
818," cơ"," cơ-last_blank","last_blank",2,1,"mùi-last_blank","mùi",1,0,0,1,"động cơ","độngmùi"
91,"first_blank","first_blank-độ","độ",1,18,"first_blank-lt","lt",18,0,0,1,"động đất","ltng đất"
362,"ghiệp","ghiệp-last_blank","last_blank",2,1,"chiếm-last_blank","chiếm",1,0,0,1,"đồng nghiệp","đồng nchiếm"
472,"first_blank","first_blank-dò","dò",1,6,"first_blank-rộ","rộ",6,0,0,1,"dòng sông","rộng sông"
494,"first_blank","first_blank-đồng","đồng",2,7,"first_blank-penn","penn",7,0,0,1,"đồng tính nữ","penn tính nữ"
765,"t ","t -ng","ng",1,1,"vủ-ng","vủ",1,0,0,1,"đột ngột","độvủngột"
231,"first_blank","first_blank-dự","dự",1,7,"first_blank-qo","qo",7,0,0,1,"dự án","qo án"
687," liệu"," liệu-last_blank","last_blank",2,1,"plish-last_blank","plish",1,0,0,1,"dữ liệu","dữplish"
366,"first_blank","first_blank-đứa","đứa",2,4,"first_blank-cui","cui",4,0,0,1,"đứa bé","cui bé"
540,"first_blank","first_blank-đứ","đứ",1,15,"first_blank-ré","ré",15,0,0,1,"đứng","réng"
781," cụ"," cụ-last_blank","last_blank",2,1,"hđộ-last_blank","hđộ",1,0,0,1,"dụng cụ","dụnghđộ"
798,"first_blank","first_blank-đứ","đứ",1,15,"first_blank-vc","vc",15,0,0,1,"đứng đầu","vcng đầu"
882,"first_blank","first_blank-dung","dung",2,1,"first_blank-kush","kush",1,0,0,1,"dung tích","kush tích"
193," chứ"," chứ-last_blank","last_blank",2,1,"scme-last_blank","scme",1,0,0,1,"được chứ","đượcscme"
648,"first_blank","first_blank-đư","đư",1,56,"first_blank-ln","ln",56,0,0,1,"đường","lnờng"
253," bộ"," bộ-last_blank","last_blank",2,1,"cno-last_blank","cno",1,0,0,1,"đường bộ","đườngcno"
107,"fi","fi-de","de",4,6,"mcqua-de","mcqua",1,5,3,1,"fidelity","mcquadelity"
641,"gà","gà-last_blank","last_blank",1,3,"nj-last_blank","nj",3,0,0,1,"gà","nj"
180,"first_blank","first_blank-gầ","gầ",1,6,"first_blank-cf","cf",6,0,0,1,"gần","cfn"
845,"first_blank","first_blank-gần","gần",2,1,"first_blank-wup","wup",1,0,0,1,"gần biển","wup biển"
734,"p đôi","p đôi-last_blank","last_blank",2,1,"weđại-last_blank","weđại",1,0,0,1,"gấp đôi","gấweđại"
293,"first_blank","first_blank-gầ","gầ",1,6,"first_blank-tờ","tờ",6,0,0,1,"gầy","tờy"
536," p"," p-ha","ha",1,1,"pa-ha","pa",1,0,0,1,"ghế sô pha","ghế sôpaha"
554,"first_blank","first_blank-ghen","ghen",2,1,"first_blank-khai","khai",1,0,0,1,"ghen tị","khai tị"
355,"ét","ét-last_blank","last_blank",1,18,"oa-last_blank","oa",18,0,0,1,"ghét","ghoa"
632,"gh","gh-i","i",1,2,"ci-i","ci",2,0,0,1,"ghi","cii"
635,"first_blank","first_blank-giá ","giá ",3,1,"first_blank-brah","brah",1,0,0,1,"giá thấp nhất","brahthấp nhất"
706," tộc"," tộc-last_blank","last_blank",3,1,"czyk-last_blank","czyk",1,0,0,1,"gia tộc","giaczyk"
311," trị"," trị-last_blank","last_blank",2,1,"triệ-last_blank","triệ",1,0,0,1,"giá trị","giátriệ"
299,"ấu","ấu-last_blank","last_blank",1,12,"ảm-last_blank","ảm",12,0,0,1,"giải đấu","giải đảm"
702," đoạn"," đoạn-last_blank","last_blank",3,1,"ligân-last_blank","ligân",1,0,0,1,"giai đoạn","giailigân"
15,"ộc","ộc-last_blank","last_blank",1,12,"ậu-last_blank","ậu",12,0,0,1,"giải độc","giải đậu"
967,"first_blank","first_blank-giải ","giải ",3,1,"first_blank-việnn","việnn",1,0,0,1,"giải phẫu học","việnnphẫu học"
607,"thoát","thoát-last_blank","last_blank",2,1,"choèn-last_blank","choèn",1,0,0,1,"giải thoát","giải choèn"
999,"rì","rì-nh","nh",1,1,"të-nh","të",1,0,0,1,"giải trình","giải ttënh"
498,"first_blank","first_blank-giám","giám",2,1,"first_blank-ôitơ","ôitơ",1,0,0,1,"giám mục","ôitơ mục"
401,"gi","gi-án","án",1,3,"th-án","th",3,0,0,1,"gián điệp","thán điệp"
46,"sinh","sinh-last_blank","last_blank",2,1,"hạnó-last_blank","hạnó",1,0,0,1,"giáng sinh","giáng hạnó"
984,"first_blank","first_blank-giật","giật",2,1,"first_blank-chêt","chêt",1,0,0,1,"giật gân","chêt gân"
633,"gi","gi-ấy","ấy",1,1,"gi-tc","tc",1,0,0,1,"giấy","gitc"
357,"gi","gi-ó","ó",1,1,"ờn-ó","ờn",1,0,0,1,"gió","ờnó"
269,"gi","gi-ốn","ốn",1,3,"gi-to","to",3,0,0,1,"giống","gitog"
898," nói"," nói-last_blank","last_blank",2,1,"vnia-last_blank","vnia",1,0,0,1,"giọng nói","giọngvnia"
317,"first_blank","first_blank-góa ","góa ",2,1,"first_blank-ởjaf","ởjaf",1,0,0,1,"góa phụ","ởjafphụ"
67,"first_blank","first_blank-gó","gó",1,6,"first_blank-mầ","mầ",6,0,0,1,"góc","mầc"
36,"first_blank","first_blank-gọ","gọ",1,10,"first_blank-sứ","sứ",10,0,0,1,"gọi","sứi"
404,"lf","lf-last_blank","last_blank",1,16,"ớn-last_blank","ớn",16,0,0,1,"golf","goớn"
890,"first_blank","first_blank-goo","goo",2,6,"first_blank-tic","tic",6,0,0,1,"goose","ticse"
919,"gr","gr-oo","oo",1,3,"ww-oo","ww",3,0,0,1,"groom","wwoom"
306,"ha","ha-i","i",1,2,"ci-i","ci",2,0,0,1,"hai","cii"
990,"first_blank","first_blank-hải","hải",2,1,"first_blank-ebe","ebe",1,0,0,1,"hải quân","ebe quân"
715,"first_blank","first_blank-hăng","hăng",2,1,"first_blank-thỉn","thỉn",1,0,0,1,"hăng hái","thỉn hái"
5,"first_blank","first_blank-hàng ","hàng ",2,1,"first_blank-đừngk","đừngk",1,0,0,1,"hàng không","đừngkkhông"
606," loạt"," loạt-last_blank","last_blank",2,1,"plett-last_blank","plett",1,0,0,1,"hàng loạt","hàngplett"
657,"first_blank","first_blank-hằ","hằ",1,3,"first_blank-cờ","cờ",3,0,0,1,"hằng ngày","cờng ngày"
233,"first_blank","first_blank-hãn","hãn",2,1,"first_blank-ofu","ofu",1,0,0,1,"hãnh diện","ofuh diện"
669,"khách","khách-last_blank","last_blank",3,1,"aaaah-last_blank","aaaah",1,0,0,1,"hành khách","hành aaaah"
557,"nh","nh- l"," l",1,1,"nh-ưr","ưr",1,0,0,1,"hành lý","hànhưrý"
218,"first_blank","first_blank-hàn","hàn",2,12,"first_blank-nic","nic",12,0,0,1,"hành tinh","nich tinh"
19,"first_blank","first_blank-hấp","hấp",2,1,"first_blank-ryt","ryt",1,0,0,1,"hấp dẫn","ryt dẫn"
670,"first_blank","first_blank-hệ","hệ",1,8,"first_blank-tộ","tộ",8,0,0,1,"hệ số","tộ số"
175," đ"," đ-ại","ại",1,1,"ìl-ại","ìl",1,0,0,1,"hiện đại","hiệnìlại"
76," hành"," hành-last_blank","last_blank",2,1,"unàng-last_blank","unàng",1,0,0,1,"hiện hành","hiệnunàng"
190," nay"," nay-last_blank","last_blank",2,1,"cmai-last_blank","cmai",1,0,0,1,"hiện nay","hiệncmai"
212,"first_blank","first_blank-hiện","hiện",2,4,"first_blank-thir","thir",4,0,0,1,"hiện tượng","thir tượng"
590,"first_blank","first_blank-hìn","hìn",2,5,"first_blank-rhe","rhe",5,0,0,1,"hình ảnh","rheh ảnh"
838,"ho","ho-last_blank","last_blank",1,94,"ie-last_blank","ie",99,5,0,1,"ho","ie"
529,"first_blank","first_blank-hồ","hồ",1,7,"first_blank-qo","qo",7,0,0,1,"hồ sơ","qo sơ"
820," tống"," tống-last_blank","last_blank",2,1,"bring-last_blank","bring",1,0,0,1,"hộ tống","hộbring"
681," trợ"," trợ-last_blank","last_blank",2,1,"trie-last_blank","trie",1,0,0,1,"hỗ trợ","hỗtrie"
627,"first_blank","first_blank-hóa","hóa",2,1,"first_blank-ởyu","ởyu",1,0,0,1,"hóa chất","ởyu chất"
626,"first_blank","first_blank-hóa","hóa",2,1,"first_blank-mli","mli",1,0,0,1,"hóa học","mli học"
425,"sĩ","sĩ-last_blank","last_blank",1,2,"lg-last_blank","lg",2,0,0,1,"họa sĩ","họa lg"
255," gia"," gia-last_blank","last_blank",2,1,"prin-last_blank","prin",1,0,0,1,"hoàng gia","hoàngprin"
834," hôn"," hôn-last_blank","last_blank",2,1,"sarn-last_blank","sarn",1,0,0,1,"hoàng hôn","hoàngsarn"
208," tưởng"," tưởng-last_blank","last_blank",3,1,"hĩrằng-last_blank","hĩrằng",1,0,0,1,"hoang tưởng","hoanghĩrằng"
980,"first_blank","first_blank-hoạ","hoạ",2,8,"first_blank-nel","nel",8,0,0,1,"hoạt động","nelt động"
411,"c hỏi","c hỏi-last_blank","last_blank",2,1,"chcởi-last_blank","chcởi",1,0,0,1,"học hỏi","họchcởi"
337,"sinh","sinh-last_blank","last_blank",3,1,"gutz-last_blank","gutz",1,0,0,1,"học sinh","học gutz"
382,"ghị","ghị-last_blank","last_blank",2,1,"sẵn-last_blank","sẵn",1,0,0,1,"hội nghị","hội nsẵn"
724,"first_blank","first_blank-hội ","hội ",2,1,"first_blank-vuis","vuis",1,0,0,1,"hội thảo","vuisthảo"
480,"iên","iên-last_blank","last_blank",3,1,"hach-last_blank","hach",1,0,1,1,"hội viên","hội vhach"
676," nay"," nay-last_blank","last_blank",2,1,"gđây-last_blank","gđây",1,0,0,1,"hôm nay","hômgđây"
465,"hô","hô-n","n",1,1,"ry-n","ry",1,0,0,1,"hôn","ryn"
454,"n ước","n ước-last_blank","last_blank",2,1,"ođược-last_blank","ođược",1,0,0,1,"hôn ước","hôođược"
604,"first_blank","first_blank-họ","họ",1,68,"first_blank-ly","ly",68,0,0,1,"họng","lyng"
395,"first_blank","first_blank-hộ","hộ",1,15,"first_blank-đị","đị",15,0,0,1,"hộp","địp"
478,"p đồng","p đồng-last_blank","last_blank",2,1,"paying-last_blank","paying",1,0,0,1,"hợp đồng","hợpaying"
986,"first_blank","first_blank-hợp ","hợp ",2,1,"first_blank-hild","hild",1,0,0,1,"hợp thời trang","hildthời trang"
793,"first_blank","first_blank-hor","hor",3,26,"first_blank-đúng","đúng",25,1,1,1,"hormone","đúngmone"
51,"viên","viên-last_blank","last_blank",4,1,"fraid-last_blank","fraid",1,0,1,1,"huấn luyện viên","huấn luyện fraid"
520,"thú","thú-last_blank","last_blank",2,1,"noj-last_blank","noj",1,0,0,1,"hứng thú","hứng noj"
321," tây"," tây-last_blank","last_blank",2,1,"otàn-last_blank","otàn",1,0,0,1,"hướng tây","hướngotàn"
310,"first_blank","first_blank-hữ","hữ",1,4,"first_blank-êm","êm",4,0,0,1,"hữu ích","êmu ích"
697,"first_blank","first_blank-huy","huy",2,2,"first_blank-dys","dys",2,0,0,1,"huy hiệu","dys hiệu"
352,"thoại","thoại-last_blank","last_blank",2,1,"chcởi-last_blank","chcởi",1,0,0,1,"huyền thoại","huyền chcởi"
655," lặng"," lặng-last_blank","last_blank",2,1,"olệnh-last_blank","olệnh",1,0,0,1,"im lặng","imolệnh"
741,"ter","ter-net","net",3,2,"ter-land","land",2,0,1,1,"internet","interland"
499,"zz","zz-last_blank","last_blank",1,18,"ét-last_blank","ét",18,0,0,1,"jazz","jaét"
505," hoạch"," hoạch-last_blank","last_blank",2,1,"scotch-last_blank","scotch",1,0,0,1,"kế hoạch","kếscotch"
470,"thù","thù-last_blank","last_blank",2,1,"glo-last_blank","glo",1,0,0,1,"kẻ thù","kẻ glo"
157,"a cuộc","a cuộc-last_blank","last_blank",4,1,"lesund-last_blank","lesund",1,0,0,1,"kẻ thua cuộc","kẻ thulesund"
71,"ke","ke-m","m",1,1,"ựá-m","ựá",1,0,0,1,"kem","ựám"
44,"n hình","n hình-last_blank","last_blank",3,1,"nahmet-last_blank","nahmet",1,0,0,1,"kênh truyền hình","kênh truyềnahmet"
591,"first_blank","first_blank-kẹ","kẹ",1,5,"first_blank-vs","vs",5,0,0,1,"kẹo","vso"
807," quả"," quả-last_blank","last_blank",3,1,"hiel-last_blank","hiel",1,0,0,1,"kết quả","kếthiel"
227,"kh","kh-á","á",1,1,"ïm-á","ïm",1,0,0,1,"khá","ïmá"
341,"first_blank","first_blank-khá","khá",2,18,"first_blank-tas","tas",18,0,0,1,"khách sạn","tasch sạn"
249,"first_blank","first_blank-khải","khải",2,1,"first_blank-hơin","hơin",1,0,0,1,"khải huyền","hơin huyền"
197,"ai","ai- m"," m",1,1,"ai-tấ","tấ",1,0,0,1,"khai mạc","khaitấạc"
22,"tử thi","tử thi-last_blank","last_blank",4,1,"hảitrả-last_blank","hảitrả",1,0,0,1,"khám nghiệm tử thi","khám nghiệm hảitrả"
2,"phục","phục-last_blank","last_blank",2,1,"chềl-last_blank","chềl",1,0,0,1,"khâm phục","khâm chềl"
661,"first_blank","first_blank-khẩn","khẩn",2,1,"first_blank-nhét","nhét",1,0,0,1,"khẩn cấp","nhét cấp"
667,"kh","kh-en","en",1,1,"kh-ểu","ểu",1,0,0,1,"khen ngợi","khểu ngợi"
600," ga"," ga-last_blank","last_blank",2,1,"orõ-last_blank","orõ",1,0,0,1,"khí ga","khíorõ"
830," tốn"," tốn-last_blank","last_blank",3,1,"chël-last_blank","chël",1,0,0,1,"khiêm tốn","khiêmchël"
707," dâm"," dâm-last_blank","last_blank",4,1,"trống-last_blank","trống",1,0,1,1,"khiêu dâm","khiêutrống"
634,"kh","kh-ó","ó",1,1,"ói-ó","ói",1,0,0,1,"khó","óió"
375,"kh","kh-ô","ô",1,1,"đê-ô","đê",1,0,0,1,"khô","đêô"
814," báu"," báu-last_blank","last_blank",2,1,"scậu-last_blank","scậu",1,0,0,1,"kho báu","khoscậu"
909,"sở","sở-last_blank","last_blank",1,1,"zb-last_blank","zb",1,0,0,1,"khổ sở","khổ zb"
844,"thân","thân-last_blank","last_blank",2,1,"trôi-last_blank","trôi",1,0,0,1,"khỏa thân","khỏa trôi"
750,"first_blank","first_blank-kho","kho",2,40,"first_blank-của","của",40,0,0,1,"khoai tây","củaai tây"
85,"first_blank","first_blank-khoảng","khoảng",2,1,"first_blank-dhoond","dhoond",1,0,0,1,"khoảng cách","dhoond cách"
275,"ói","ói-last_blank","last_blank",1,34,"lu-last_blank","lu",34,0,0,1,"khói","khlu"
345," u"," u-last_blank","last_blank",1,1,"vf-last_blank","vf",1,0,0,1,"khối u","khốivf"
183,"o giờ","o giờ-last_blank","last_blank",4,1,"hẳnđã-last_blank","hẳnđã",1,0,0,1,"không bao giờ","không bahẳnđã"
403," thường"," thường-last_blank","last_blank",4,1,"rimsung-last_blank","rimsung",1,0,0,1,"không bình thường","không bìnhrimsung"
188," có gì"," có gì-last_blank","last_blank",2,1,"quêngì-last_blank","quêngì",1,0,0,2,"không có gì","khôngquêngì"
969," khả năng"," khả năng-last_blank","last_blank",3,1,"hókhnnhng-last_blank","hókhnnhng",1,0,0,2,"không có khả năng","không cóhókhnnhng"
983,"ợp lý","ợp lý-last_blank","last_blank",3,1,"naylà-last_blank","naylà",1,0,0,1,"không hợp lý","không hnaylà"
550,"first_blank","first_blank-không ","không ",2,1,"first_blank-nhữngk","nhữngk",1,0,0,1,"không thể nào","nhữngkthể nào"
309,"first_blank","first_blank-không ","không ",2,1,"first_blank-khinói","khinói",1,0,0,1,"không thoải mái","khinóithoải mái"
630,"first_blank","first_blank-khu","khu",2,4,"first_blank-aik","aik",4,0,0,1,"khu vực","aik vực"
449,"first_blank","first_blank-khú","khú",2,2,"first_blank-đảm","đảm",2,0,0,1,"khúc xương","đảmc xương"
522," ao"," ao-last_blank","last_blank",2,1,"más-last_blank","más",1,0,0,1,"khuy ao","khuymás"
495,"first_blank","first_blank-kĩ","kĩ",1,3,"first_blank-nỗ","nỗ",3,0,0,1,"kĩ sư","nỗ sư"
89,"first_blank","first_blank-kị","kị",1,8,"first_blank-fs","fs",8,0,0,1,"kịch","fsch"
272,"ch cỡ","ch cỡ-last_blank","last_blank",2,1,"chmấy-last_blank","chmấy",1,0,0,1,"kích cỡ","kíchmấy"
857," tra"," tra-last_blank","last_blank",2,1,"zuha-last_blank","zuha",1,0,0,1,"kiểm tra","kiểmzuha"
658,"nhẫn","nhẫn-last_blank","last_blank",4,1,"books-last_blank","books",1,0,1,1,"kiên nhẫn","kiên books"
757,"lo","lo-last_blank","last_blank",2,250,"ger-last_blank","ger",246,4,1,1,"kilo","kiger"
569,"first_blank","first_blank-kim","kim",2,28,"first_blank-tha","tha",28,0,0,1,"kim cương","tha cương"
842," tháp"," tháp-last_blank","last_blank",3,1,"tramp-last_blank","tramp",1,0,0,1,"kim tự tháp","kim tựtramp"
120,"kí","kí-nh","nh",1,1,"ứa-nh","ứa",1,0,0,1,"kính","ứanh"
140,"h dị","h dị-last_blank","last_blank",2,1,"hien-last_blank","hien",1,0,0,1,"kinh dị","kinhien"
370,"khủng","khủng-last_blank","last_blank",3,1,"stons-last_blank","stons",1,0,0,1,"kinh khủng","kinh stons"
501,"thánh","thánh-last_blank","last_blank",3,1,"chnia-last_blank","chnia",1,0,0,1,"kinh thánh","kinh chnia"
930,"n văn","n văn-last_blank","last_blank",5,1,"longhs-last_blank","longhs",1,0,1,1,"kính thiên văn","kính thiêlonghs"
246,"first_blank","first_blank-kín","kín",2,2,"first_blank-paz","paz",2,0,0,1,"kính trọng","pazh trọng"
406,"km","km-last_blank","last_blank",1,1,"oã-last_blank","oã",1,0,0,1,"km","oã"
722,"first_blank","first_blank-kỵ","kỵ",1,3,"first_blank-vở","vở",3,0,0,1,"kỵ sĩ","vở sĩ"
788,"first_blank","first_blank-kỹ ","kỹ ",2,1,"first_blank-lén","lén",1,0,0,1,"kỹ thuật","lénthuật"
790," bàn"," bàn-last_blank","last_blank",2,1,"clên-last_blank","clên",1,0,0,1,"la bàn","laclên"
111," cờ"," cờ-last_blank","last_blank",2,1,"mâu-last_blank","mâu",1,0,0,1,"lá cờ","lámâu"
200,"c quan","c quan-last_blank","last_blank",2,1,"hquanh-last_blank","hquanh",1,0,0,1,"lạc quan","lạhquanh"
761,"lá","lá-i ","i ",1,1,"lá-nh","nh",1,0,0,1,"lái xe","lánhxe"
163,"first_blank","first_blank-là","là",1,243,"first_blank-wa","wa",239,4,0,1,"làm","wam"
90," rơi"," rơi-last_blank","last_blank",2,1,"htúi-last_blank","htúi",1,0,0,1,"làm rơi","làmhtúi"
753," n"," n-ạn","ạn",1,1,"io-ạn","io",1,0,0,1,"lánh nạn","lánhioạn"
47," dọn"," dọn-last_blank","last_blank",2,1,"oojn-last_blank","oojn",1,0,0,1,"lau dọn","lauoojn"
37,"óa trang","óa trang-last_blank","last_blank",4,1,"tasẽsống-last_blank","tasẽsống",1,0,0,1,"lễ hội hóa trang","lễ hội htasẽsống"
713,"lị","lị-ch","ch",1,1,"ei-ch","ei",1,0,0,1,"lịch","eich"
662,"ch sự","ch sự-last_blank","last_blank",2,1,"chchủ-last_blank","chchủ",1,0,0,1,"lịch sự","lịchchủ"
106," bang"," bang-last_blank","last_blank",3,1,"pears-last_blank","pears",1,0,0,1,"liên bang","liênpears"
918,"n đoàn","n đoàn-last_blank","last_blank",3,1,"nóđược-last_blank","nóđược",1,0,0,1,"liên đoàn","liênóđược"
579," l"," l-ượ","ượ",1,1,"ừđ-ượ","ừđ",1,0,0,1,"liều lượng","liềuừđượng"
151,"ht","ht-ning","ning",3,2,"ht-stal","stal",2,0,0,1,"lightning","lightstal"
448,"first_blank","first_blank-lí","lí",1,12,"first_blank-tù","tù",12,0,0,1,"lính","tùnh"
950," thuê"," thuê-last_blank","last_blank",4,1,"dashi-last_blank","dashi",1,0,0,1,"lính đánh thuê","lính đánhdashi"
466,"first_blank","first_blank-lin","lin",2,61,"first_blank-ter","ter",61,0,0,1,"linh hồn","terh hồn"
809," bịch"," bịch-last_blank","last_blank",2,1,"czych-last_blank","czych",1,0,0,1,"lố bịch","lốczych"
804,"ắn","ắn-g","g",1,7,"ig-g","ig",7,0,0,1,"lo lắng","lo ligg"
877," vi sóng"," vi sóng-last_blank","last_blank",2,1,"càngsáng-last_blank","càngsáng",1,0,0,3,"lò vi sóng","lòcàngsáng"
878," bỏ"," bỏ-last_blank","last_blank",2,1,"uôi-last_blank","uôi",1,0,0,1,"loại bỏ","loạiuôi"
782,"first_blank","first_blank-lỗ","lỗ",1,27,"first_blank-nc","nc",27,0,0,1,"lỗi","nci"
806,"first_blank","first_blank-lời ","lời ",2,1,"first_blank-kein","kein",1,0,0,1,"lời khuyên","keinkhuyên"
566,"first_blank","first_blank-lợi ","lợi ",2,1,"first_blank-trin","trin",1,0,0,1,"lợi nhuận","trinnhuận"
59,"first_blank","first_blank-lời ","lời ",3,1,"first_blank-stdp","stdp",1,0,0,1,"lời phàn nàn","stdpphàn nàn"
525,"first_blank","first_blank-lối","lối",2,1,"first_blank-vym","vym",1,0,0,1,"lối ra","vym ra"
808,"first_blank","first_blank-lòng","lòng",2,5,"first_blank-wind","wind",5,0,0,1,"lòng can đảm","wind can đảm"
749,"first_blank","first_blank-lòng","lòng",3,5,"first_blank-thết","thết",5,0,0,1,"lòng hiếu khách","thết hiếu khách"
303," tin"," tin-last_blank","last_blank",2,1,"noir-last_blank","noir",1,0,0,1,"lòng tin","lòngnoir"
159,"first_blank","first_blank-lòng","lòng",3,5,"first_blank-park","park",5,0,0,1,"lòng trung thành","park trung thành"
439,"first_blank","first_blank-lớ","lớ",1,10,"first_blank-mb","mb",10,0,0,1,"lớp","mbp"
711,"first_blank","first_blank-lừ","lừ",1,8,"first_blank-kị","kị",8,0,0,1,"lừa","kịa"
393,"first_blank","first_blank-lử","lử",1,6,"first_blank-âu","âu",6,0,0,1,"lửa","âua"
836,"first_blank","first_blank-lụ","lụ",1,12,"first_blank-té","té",12,0,0,1,"lụa","téa"
416,"gạ","gạ-t","t",1,1,"vấ-t","vấ",1,0,0,1,"lừa gạt","lừa vất"
441,"first_blank","first_blank-luật","luật",2,1,"first_blank-loài","loài",1,0,0,1,"luật sư","loài sư"
10,"ôn","ôn-last_blank","last_blank",1,25,"ào-last_blank","ào",25,0,0,1,"luôn","luào"
714," hưu"," hưu-last_blank","last_blank",2,1,"vhen-last_blank","vhen",1,0,0,1,"lương hưu","lươngvhen"
65,"u ","u -tr","tr",1,1,"ổi-tr","ổi",1,0,0,1,"lưu trữ","lưổitrữ"
240," do"," do-last_blank","last_blank",2,1,"atm-last_blank","atm",1,0,0,1,"lý do","lýatm"
343," hôn"," hôn-last_blank","last_blank",2,1,"hưnư-last_blank","hưnư",1,0,0,1,"ly hôn","lyhưnư"
364," tưởng"," tưởng-last_blank","last_blank",2,1,"htđứng-last_blank","htđứng",1,0,0,1,"lý tưởng","lýhtđứng"
515,"first_blank","first_blank-mã","mã",1,18,"first_blank-qa","qa",18,0,0,1,"mã số","qa số"
160,"first_blank","first_blank-ma ","ma ",2,1,"first_blank-hup","hup",1,0,0,1,"ma thuật","hupthuật"
704,"ch lẻo","ch lẻo-last_blank","last_blank",2,1,"cheroo-last_blank","cheroo",1,0,0,1,"mach lẻo","macheroo"
262,"mà","mà-n","n",1,1,"ỏa-n","ỏa",1,0,0,1,"màn","ỏan"
612,"mạ","mạ-ng","ng",1,2,"oằ-ng","oằ",2,0,0,1,"mạng","oằng"
796,"g đến","g đến-last_blank","last_blank",2,1,"guyền-last_blank","guyền",1,0,0,1,"mang đến","manguyền"
331,"first_blank","first_blank-mạ","mạ",1,17,"first_blank-eo","eo",17,0,0,1,"mạnh","eonh"
129,"khỏe","khỏe-last_blank","last_blank",3,1,"nens-last_blank","nens",1,0,0,1,"mạnh khỏe","mạnh nens"
846,"thon","thon-last_blank","last_blank",3,2,"agle-last_blank","agle",2,0,0,1,"marathon","maraagle"
768,"first_blank","first_blank-mặt","mặt",2,3,"first_blank-elo","elo",3,0,0,1,"mặt trăng","elo trăng"
542,"first_blank","first_blank-má","má",1,33,"first_blank-vû","vû",33,0,0,1,"máu","vûu"
324,"đỏ","đỏ-last_blank","last_blank",1,2,"ơơ-last_blank","ơơ",2,0,0,1,"màu đỏ","màu ơơ"
33,"first_blank","first_blank-mà","mà",1,89,"first_blank-er","er",89,0,0,1,"màu nâu","eru nâu"
125,"first_blank","first_blank-màu ","màu ",2,1,"first_blank-chuk","chuk",1,0,0,1,"màu xanh lá","chukxanh lá"
595,"y ","y -ản","ản",1,1,"tr-ản","tr",1,0,0,1,"máy ảnh","mátrảnh"
353,"first_blank","first_blank-máy ","máy ",3,1,"first_blank-obla","obla",1,0,0,1,"máy phát điện","oblaphát điện"
327,"first_blank","first_blank-mẹ","mẹ",1,43,"first_blank-kl","kl",48,5,0,1,"mẹ","kl"
463," mỏi"," mỏi-last_blank","last_blank",2,1,"muội-last_blank","muội",1,0,0,1,"mệt mỏi","mệtmuội"
965,"first_blank","first_blank-mì nướn","mì nướn",2,1,"first_blank-mainfra","mainfra",1,0,0,3,"mì nướng kiểu ý","mainfrag kiểu ý"
320," nam"," nam-last_blank","last_blank",2,1,"vàem-last_blank","vàem",1,0,0,1,"miền nam","miềnvàem"
892,"mi","mi-ến","ến",1,2,"mi-si","si",2,0,0,1,"miếng","misig"
417," cười"," cười-last_blank","last_blank",3,1,"recki-last_blank","recki",1,0,0,1,"mỉm cười","mỉmrecki"
174,"mi","mi-ng","ng",1,3,"ou-ng","ou",3,0,0,1,"ming","oung"
196,"first_blank","first_blank-mở","mở",1,8,"first_blank-đắ","đắ",8,0,0,1,"mở","đắ"
889," neo"," neo-last_blank","last_blank",2,1,"boea-last_blank","boea",1,0,0,1,"mỏ neo","mỏboea"
786,"first_blank","first_blank-mô","mô",1,26,"first_blank-vư","vư",26,0,0,1,"môi","vưi"
905,"mớ","mớ-i","i",1,4,"li-i","li",4,0,0,1,"mới","lii"
592,"n hệ","n hệ-last_blank","last_blank",3,1,"siel-last_blank","siel",1,0,0,1,"mối quan hệ","mối quasiel"
693,"ườ","ườ-ng","ng",1,14,"ng-ng","ng",14,0,0,1,"môi trường","môi trngng"
545,"first_blank","first_blank-mồ","mồ",1,9,"first_blank-vã","vã",9,0,0,1,"mồm","vãm"
570,"g miệng","g miệng-last_blank","last_blank",3,1,"rimsung-last_blank","rimsung",1,0,0,1,"món tráng miệng","món tránrimsung"
139,"mo","mo-ng","ng",1,1,"ưô-ng","ưô",1,0,0,1,"mong","ưông"
656," tay"," tay-last_blank","last_blank",2,1,"caaa-last_blank","caaa",1,0,0,1,"móng tay","móngcaaa"
456,"nk","nk-last_blank","last_blank",1,41,"vn-last_blank","vn",41,0,0,1,"monk","movn"
195,"first_blank","first_blank-mộ","mộ",1,39,"first_blank-py","py",39,0,0,1,"một","pyt"
972,"t","t- cách t"," cách t",5,1,"t-cáigìđó","cáigìđó",1,0,0,1,"một cách tự nhiên","mộtcáigìđóự nhiên"
8," mình"," mình-last_blank","last_blank",2,1,"nóinh-last_blank","nóinh",1,0,0,1,"một mình","mộtnóinh"
605,"first_blank","first_blank-mộ","mộ",1,39,"first_blank-op","op",39,0,0,1,"một ngàn","opt ngàn"
679," nửa"," nửa-last_blank","last_blank",2,1,"anít-last_blank","anít",1,0,0,1,"một nửa","mộtanít"
477,"mù","mù-last_blank","last_blank",1,1,"ếở-last_blank","ếở",1,0,0,1,"mù","ếở"
573,"first_blank","first_blank-mũ s","mũ s",3,1,"first_blank-jonề","jonề",1,0,0,1,"mũ sắt của lính","jonềắt của lính"
368,"first_blank","first_blank-mu","mu",1,232,"first_blank-fi","fi",231,1,0,1,"mua","fia"
884,"a","a- chuộc"," chuộc",3,1,"a-chuyến","chuyến",1,0,0,1,"mua chuộc","muachuyến"
358," hè"," hè-last_blank","last_blank",2,1,"ith-last_blank","ith",1,0,0,1,"mùa hè","mùaith"
762,"first_blank","first_blank-mùa ","mùa ",2,1,"first_blank-chag","chag",1,0,0,1,"mùa thu","chagthu"
517,"a ","a -xu","xu",1,1,"le-xu","le",1,0,0,1,"mùa xuân","mùlexuân"
770,"c đích","c đích-last_blank","last_blank",2,1,"chđánh-last_blank","chđánh",1,0,0,1,"mục đích","mụchđánh"
410,"ộn","ộn-last_blank","last_blank",1,8,"ûi-last_blank","ûi",8,0,0,1,"muộn","muûi"
907,"first_blank","first_blank-mú","mú",1,8,"first_blank-tỏ","tỏ",8,0,0,1,"mút","tỏt"
507,"first_blank","first_blank-nằ","nằ",1,6,"first_blank-uô","uô",6,0,0,1,"nằm","uôm"
348,"first_blank","first_blank-nam","nam",2,8,"first_blank-vie","vie",8,0,0,1,"nam giới","vie giới"
756,"first_blank","first_blank-nam","nam",2,8,"first_blank-tot","tot",8,0,0,1,"nam tước","tot tước"
920,"đó","đó-i","i",1,1,"dả-i","dả",1,0,0,1,"nạn đói","nạn dải"
800,"nhân","nhân-last_blank","last_blank",2,1,"chir-last_blank","chir",1,0,0,1,"nạn nhân","nạn chir"
902,"first_blank","first_blank-nặ","nặ",1,7,"first_blank-ăl","ăl",7,0,0,1,"nặng","ălng"
443,"nế","nế-m","m",1,1,"in-m","in",1,0,0,1,"nếm","inm"
744,"first_blank","first_blank-nền","nền",2,1,"first_blank-taa","taa",1,0,0,1,"nền tảng","taa tảng"
394,"ng","ng-ắn","ắn",1,2,"ng-đá","đá",2,0,0,1,"ngắn","ngđá"
25,"first_blank","first_blank-ngân","ngân",2,1,"first_blank-ăgiú","ăgiú",1,0,0,1,"ngân hàng","ăgiú hàng"
523,"ng","ng-ăn","ăn",1,3,"ng-uô","uô",3,0,0,1,"ngăn ngừa","nguô ngừa"
913,"first_blank","first_blank-ngân","ngân",2,1,"first_blank-niel","niel",1,0,0,1,"ngân sách","niel sách"
144,"nghiệp","nghiệp-last_blank","last_blank",3,1,"o việt-last_blank","o việt",1,0,0,1,"ngành công nghiệp","ngành công o việt"
738,"ng","ng-ắt","ắt",1,1,"ng-su","su",1,0,0,1,"ngắt","ngsu"
298," mai"," mai-last_blank","last_blank",2,1,"nóđi-last_blank","nóđi",1,0,0,1,"ngày mai","ngàynóđi"
177,"thơ","thơ-last_blank","last_blank",2,1,"bac-last_blank","bac",1,0,0,1,"ngây thơ","ngây bac"
294,"ứ ba","ứ ba-last_blank","last_blank",3,1,"naal-last_blank","naal",1,0,0,1,"ngày thứ ba","ngày thnaal"
367,"ng","ng-he","he",2,8,"ret-he","ret",5,3,1,1,"nghe","rethe"
638,"thuật","thuật-last_blank","last_blank",3,1,"tokđã-last_blank","tokđã",1,0,0,1,"nghệ thuật","nghệ tokđã"
412,"hèo","hèo-last_blank","last_blank",2,2,"the-last_blank","the",2,0,0,1,"nghèo","ngthe"
86,"ng","ng-hi ngờ","hi ngờ",2,1,"ng-htinga","htinga",1,0,0,1,"nghi ngờ","nghtinga"
248,"hỉ ngơi","hỉ ngơi-last_blank","last_blank",2,1,"hểôngấy-last_blank","hểôngấy",1,0,0,2,"nghỉ ngơi","nghểôngấy"
433,"thức","thức-last_blank","last_blank",3,1,"lđấy-last_blank","lđấy",1,0,0,1,"nghi thức","nghi lđấy"
387,"ng","ng-hiệp","hiệp",3,3,"ng-trûc","trûc",1,2,0,1,"nghiệp dư","ngtrûc dư"
204,"oà","oà-i","i",1,6,"tạ-i","tạ",6,0,0,1,"ngoài","ngtại"
521,"ền","ền-last_blank","last_blank",1,31,"op-last_blank","op",31,0,0,1,"ngôi đền","ngôi đop"
987,"ng","ng-òi","òi",1,1,"ng-uư","uư",1,0,0,1,"ngòi nổ","nguư nổ"
785,"ng","ng-on","on",2,10,"ng-hĩt","hĩt",4,6,1,1,"ngon","nghĩt"
552," tay"," tay-last_blank","last_blank",2,1,"htồn-last_blank","htồn",1,0,0,1,"ngón tay","ngónhtồn"
923,"first_blank","first_blank-ngũ","ngũ",2,1,"first_blank-wib","wib",1,0,0,1,"ngũ cốc","wib cốc"
1000,"first_blank","first_blank-ngủ","ngủ",2,3,"first_blank-mec","mec",3,0,0,1,"ngủ trưa","mec trưa"
211,"ườ","ườ-i","i",1,26,"vû-i","vû",31,5,0,1,"người","ngvûi"
758," bán"," bán-last_blank","last_blank",2,1,"lern-last_blank","lern",1,0,0,1,"người bán","ngườilern"
880,"lớ","lớ-n","n",1,2,"mô-n","mô",2,0,0,1,"người lớn","người môn"
823,"n tuổi","n tuổi-last_blank","last_blank",2,1,"netrin-last_blank","netrin",1,0,0,2,"người lớn tuổi","người lớnetrin"
683,"mẫ","mẫ-u","u",1,1,"ed-u","ed",1,0,0,1,"người mẫu","người edu"
164,"n lý","n lý-last_blank","last_blank",3,1,"cđây-last_blank","cđây",1,0,0,1,"người quản lý","người quảcđây"
982," nhà"," nhà-last_blank","last_blank",3,1,"umph-last_blank","umph",1,0,0,1,"người thuê nhà","người thuêumph"
242," n"," n-ạn","ạn",1,1,"ob-ạn","ob",1,0,0,1,"người tị nạn","người tịobạn"
278,"uồ","uồ-n","n",1,2,"tâ-n","tâ",2,0,0,1,"nguồn","ngtân"
203," bản"," bản-last_blank","last_blank",2,1,"gđến-last_blank","gđến",1,0,0,1,"nguyên bản","nguyêngđến"
561," rủa"," rủa-last_blank","last_blank",2,1,"zron-last_blank","zron",1,0,0,1,"nguyền rủa","nguyềnzron"
895," tử"," tử-last_blank","last_blank",2,1,"lha-last_blank","lha",1,0,0,1,"nguyên tử","nguyênlha"
951,"first_blank","first_blank-nhà ","nhà ",3,1,"first_blank-tidd","tidd",1,0,0,1,"nhà phân tích","tiddphân tích"
363,"n ","n -xu","xu",1,1,"đi-xu","đi",1,0,0,1,"nhà sản xuất","nhà sảđixuất"
764,"first_blank","first_blank-nhà ","nhà ",2,1,"first_blank-ngăn","ngăn",1,0,0,1,"nhà thờ","ngănthờ"
977," phú"," phú-last_blank","last_blank",3,1,"sien-last_blank","sien",1,0,0,1,"nhà triệu phú","nhà triệusien"
397,"ẫn","ẫn-last_blank","last_blank",1,10,"xi-last_blank","xi",10,0,0,1,"nhẫn","nhxi"
185," giả"," giả-last_blank","last_blank",2,1,"drix-last_blank","drix",1,0,0,1,"nhẫn giả","nhẫndrix"
631," ra"," ra-last_blank","last_blank",2,1,"wem-last_blank","wem",1,0,0,1,"nhận ra","nhậnwem"
418," vật"," vật-last_blank","last_blank",2,1,"kott-last_blank","kott",1,0,0,1,"nhân vật","nhânkott"
822,"nh","nh-ận","ận",1,3,"tr-ận","tr",3,0,0,1,"nhận xét","trận xét"
879,"first_blank","first_blank-nhạy","nhạy",2,1,"first_blank-khoặ","khoặ",1,0,0,1,"nhạy bén","khoặ bén"
710,"nh","nh-ện","ện",1,1,"nh-mì","mì",1,0,0,1,"nhện","nhmì"
551,"iệ","iệ-t","t",1,4,"hậ-t","hậ",4,0,0,1,"nhiệt","nhhật"
155,"ìn","ìn-last_blank","last_blank",1,25,"hé-last_blank","hé",25,0,0,1,"nhìn","nhhé"
241,"nhận","nhận-last_blank","last_blank",2,1,"neel-last_blank","neel",1,0,0,1,"nhìn nhận","nhìn neel"
250,"ịp","ịp-last_blank","last_blank",1,3,"äc-last_blank","äc",3,0,0,1,"nhịp","nhäc"
153,"first_blank","first_blank-nhỏ","nhỏ",2,2,"first_blank-émi","émi",2,0,0,1,"nhỏ bé","émi bé"
815," cầu"," cầu-last_blank","last_blank",2,1,"slau-last_blank","slau",1,0,0,1,"nhu cầu","nhuslau"
30,"u bé","u bé-last_blank","last_blank",3,1,"geev-last_blank","geev",1,0,0,1,"những cậu bé","những cậgeev"
893,"first_blank","first_blank-nị","nị",1,6,"first_blank-tø","tø",6,0,0,1,"nịnh nọt","tønh nọt"
826,"nổ","nổ-last_blank","last_blank",1,3,"ẽn-last_blank","ẽn",3,0,0,1,"nổ","ẽn"
524," lệ"," lệ-last_blank","last_blank",2,1,"vni-last_blank","vni",1,0,0,1,"nô lệ","nôvni"
896,"no","no-bel","bel",2,1,"no-pin","pin",1,0,0,1,"nobel","nopin"
186,"no","no-ble","ble",2,2,"no-sis","sis",2,0,0,1,"noble","nosis"
260,"first_blank","first_blank-nó","nó",1,94,"first_blank-ac","ac",94,0,0,1,"nói","aci"
671,"first_blank","first_blank-nội","nội",2,1,"first_blank-cầu","cầu",1,0,0,1,"nội bộ","cầu bộ"
435,"first_blank","first_blank-nói","nói",2,34,"first_blank-mur","mur",34,0,0,1,"nói chuyện","mur chuyện"
346," bức"," bức-last_blank","last_blank",2,1,"cmóc-last_blank","cmóc",1,0,0,1,"nóng bức","nóngcmóc"
105," dân"," dân-last_blank","last_blank",2,1,"oâng-last_blank","oâng",1,0,0,1,"nông dân","nôngoâng"
330," hoàng"," hoàng-last_blank","last_blank",2,1,"chuóng-last_blank","chuóng",1,0,0,1,"nữ hoàng","nữchuóng"
737,"first_blank","first_blank-nử","nử",1,2,"first_blank-ìn","ìn",2,0,0,1,"nửa đêm","ìna đêm"
978,"first_blank","first_blank-nước","nước",2,1,"first_blank-ngor","ngor",1,0,0,1,"nước chanh","ngor chanh"
295,"first_blank","first_blank-nư","nư",1,27,"first_blank-lỗ","lỗ",27,0,0,1,"nướng","lỗớng"
916,"nu","nu-ốt","ốt",1,1,"gs-ốt","gs",1,0,0,1,"nuốt","gsốt"
70,"nứ","nứ-t","t",1,1,"mp-t","mp",1,0,0,1,"nứt","mpt"
629,"first_blank","first_blank-ở ","ở ",1,1,"first_blank-有用","有用",1,0,0,1,"ở lại","有用lại"
993,"nhiễm","nhiễm-last_blank","last_blank",2,1,"gáiem-last_blank","gáiem",1,0,0,1,"ô nhiễm","ô gáiem"
92," khác"," khác-last_blank","last_blank",2,1,"scháu-last_blank","scháu",1,0,0,1,"ở nơi khác","ở nơischáu"
763,"first_blank","first_blank-óc","óc",1,5,"first_blank-ởđ","ởđ",5,0,0,1,"óc","ởđ"
991,"first_blank","first_blank-ốc","ốc",1,2,"first_blank-nẵ","nẵ",2,0,0,1,"ốc sên","nẵ sên"
423," nội"," nội-last_blank","last_blank",2,1,"engl-last_blank","engl",1,0,0,1,"ông nội","ôngengl"
429,"first_blank","first_blank-pa","pa",1,467,"first_blank-in","in",467,0,0,1,"pao","ino"
238,"ng tộc","ng tộc-last_blank","last_blank",5,1,"precht-last_blank","precht",1,0,0,1,"phân biệt chủng tộc","phân biệt chủprecht"
61,"first_blank","first_blank-phần","phần",3,1,"first_blank-wadd","wadd",1,0,0,1,"phần kết luận","wadd kết luận"
578,"first_blank","first_blank-phần","phần",2,1,"first_blank-pash","pash",1,0,0,1,"phần mềm","pash mềm"
556," mộ"," mộ-last_blank","last_blank",2,1,"kyo-last_blank","kyo",1,0,0,1,"phần mộ","phầnkyo"
543,"first_blank","first_blank-phá","phá",2,10,"first_blank-ado","ado",10,0,0,1,"pháp luật","adop luật"
974,"ạt","ạt-last_blank","last_blank",1,13,"ễn-last_blank","ễn",13,0,0,1,"phạt","phễn"
865," biểu"," biểu-last_blank","last_blank",2,1,"mđiều-last_blank","mđiều",1,0,0,1,"phát biểu","phátmđiều"
230,"first_blank","first_blank-phát","phát",2,3,"first_blank-flet","flet",3,0,0,1,"phát triển","flet triển"
74,"first_blank","first_blank-phê","phê",2,2,"first_blank-sve","sve",2,0,0,1,"phê bình","sve bình"
419,"nh đoàn","nh đoàn-last_blank","last_blank",3,1,"chơiđàn-last_blank","chơiđàn",1,0,0,1,"phi hành đoàn","phi hàchơiđàn"
675,"nh gia","nh gia-last_blank","last_blank",3,1,"chỉđưa-last_blank","chỉđưa",1,0,0,1,"phi hành gia","phi hàchỉđưa"
673," nam"," nam-last_blank","last_blank",2,1,"leau-last_blank","leau",1,0,0,1,"phía nam","phíaleau"
483,"first_blank","first_blank-phổ","phổ",2,1,"first_blank-lzu","lzu",1,0,0,1,"phổ biến","lzu biến"
584,"ph","ph-òn","òn",1,4,"ph-im","im",4,0,0,1,"phòng","phimg"
97," bì"," bì-last_blank","last_blank",2,1,"cạu-last_blank","cạu",1,0,0,1,"phong bì","phongcạu"
297," sinh"," sinh-last_blank","last_blank",3,1,"prick-last_blank","prick",1,0,0,1,"phòng vệ sinh","phòng vệprick"
427,"first_blank","first_blank-phóng","phóng",3,1,"first_blank-quânx","quânx",1,0,0,1,"phóng viên","quânx viên"
708,"ụ nam","ụ nam-last_blank","last_blank",3,1,"hángb-last_blank","hángb",1,0,0,1,"phục vụ nam","phục vhángb"
659,"pháp","pháp-last_blank","last_blank",2,1,"paña-last_blank","paña",1,0,0,1,"phương pháp","phương paña"
349,"o thông","o thông-last_blank","last_blank",6,1,"hữngđám-last_blank","hữngđám",1,0,0,1,"phương tiện giao thông","phương tiện giahữngđám"
894,"pi","pi-ng","ng",1,2,"ểu-ng","ểu",2,0,0,1,"ping","ểung"
219,"boy","boy-last_blank","last_blank",2,15,"hần-last_blank","hần",15,0,0,1,"playboy","playhần"
228,"pr","pr-ey","ey",1,3,"pr-ie","ie",3,0,0,1,"prey","prie"
234,"pu","pu-b","b",1,1,"on-b","on",1,0,0,1,"pub","onb"
829,"first_blank","first_blank-quả","quả",2,3,"first_blank-jem","jem",3,0,0,1,"quả quyết","jem quyết"
745,"first_blank","first_blank-quả","quả",2,3,"first_blank-điể","điể",3,0,0,1,"quả táo","điể táo"
712,"first_blank","first_blank-quả ","quả ",2,1,"first_blank-hugo","hugo",1,0,0,1,"quả thận","hugothận"
27,"thú","thú-last_blank","last_blank",2,1,"snó-last_blank","snó",1,0,0,1,"quái thú","quái snó"
447," vật"," vật-last_blank","last_blank",2,1,"latt-last_blank","latt",1,0,0,1,"quái vật","quáilatt"
777,"ận","ận-last_blank","last_blank",1,14,"lm-last_blank","lm",14,0,0,1,"quận","qulm"
760,"oà","oà-n","n",1,4,"yn-n","yn",4,0,0,1,"quân đoàn","quân đynn"
243," hệ"," hệ-last_blank","last_blank",2,1,"syu-last_blank","syu",1,0,0,1,"quan hệ","quansyu"
997," lý"," lý-last_blank","last_blank",2,1,"não-last_blank","não",1,0,0,1,"quản lý","quảnnão"
41," quân"," quân-last_blank","last_blank",2,1,"chuấn-last_blank","chuấn",1,0,0,1,"quán quân","quánchuấn"
191," sát"," sát-last_blank","last_blank",2,1,"bist-last_blank","bist",1,0,0,1,"quan sát","quanbist"
53," tài"," tài-last_blank","last_blank",2,1,"mđôi-last_blank","mđôi",1,0,0,1,"quan tài","quanmđôi"
863," cảnh"," cảnh-last_blank","last_blank",2,1,"giành-last_blank","giành",1,0,0,1,"quang cảnh","quanggiành"
927," cáo"," cáo-last_blank","last_blank",2,1,"acts-last_blank","acts",1,0,0,1,"quảng cáo","quảngacts"
968,"qu","qu-ế","ế",1,1,"uy-ế","uy",1,0,0,1,"quế","uyế"
392,"n đi","n đi-last_blank","last_blank",2,1,"tởđó-last_blank","tởđó",1,0,0,1,"quên đi","quêtởđó"
256,"i ","i -đị","đị",1,1,"ng-đị","ng",1,0,0,1,"qui định","qungđịnh"
179,"first_blank","first_blank-quố","quố",2,1,"first_blank-κen","κen",1,0,0,1,"quốc gia","κenc gia"
209,"first_blank","first_blank-quố","quố",2,1,"first_blank-cầu","cầu",1,0,0,1,"quốc hội","cầuc hội"
146,"ốc","ốc- t"," t",1,1,"ốc-cố","cố",1,0,0,1,"quốc tế","quốccốế"
488," giá"," giá-last_blank","last_blank",2,1,"quit-last_blank","quit",1,0,0,1,"quý giá","quýquit"
421,"tr","tr-ìn","ìn",1,1,"tr-ug","ug",1,0,0,1,"quy trình","quy trugh"
717," hạn"," hạn-last_blank","last_blank",2,1,"guín-last_blank","guín",1,0,0,1,"quyền hạn","quyềnguín"
740," rũ"," rũ-last_blank","last_blank",2,1,"taý-last_blank","taý",1,0,0,1,"quyến rũ","quyếntaý"
908,"first_blank","first_blank-rá","rá",1,17,"first_blank-eo","eo",17,0,0,1,"rác","eoc"
680,"c rối","c rối-last_blank","last_blank",2,1,"curds-last_blank","curds",1,0,0,1,"rắc rối","rắcurds"
548,"thải","thải-last_blank","last_blank",2,1,"htrở-last_blank","htrở",1,0,0,1,"rác thải","rác htrở"
431,"ra","ra-dar","dar",2,1,"ra-com","com",1,0,0,1,"radar","racom"
615," chiếu phim"," chiếu phim-last_blank","last_blank",3,1,"hiềungườimỹ-last_blank","hiềungườimỹ",1,0,0,5,"rạp chiếu phim","rạphiềungườimỹ"
639,"êng","êng-last_blank","last_blank",2,28,"cer-last_blank","cer",28,0,0,1,"riêng","ricer"
995," tư"," tư-last_blank","last_blank",3,1,"kred-last_blank","kred",1,0,1,1,"riêng tư","riêngkred"
48,"first_blank","first_blank-rõ","rõ",1,9,"first_blank-cý","cý",9,0,0,1,"rõ ràng","cý ràng"
695,"bot","bot-last_blank","last_blank",2,24,"hes-last_blank","hes",24,0,0,1,"robot","rohes"
849,"deo","deo-last_blank","last_blank",2,7,"tac-last_blank","tac",7,0,0,1,"rodeo","rotac"
856," bỏ"," bỏ-last_blank","last_blank",2,1,"rón-last_blank","rón",1,0,0,1,"rời bỏ","rờirón"
538,"ro","ro-man","man",2,6,"ro-ber","ber",5,1,0,1,"roman","rober"
794,"meo","meo-last_blank","last_blank",2,9,"sos-last_blank","sos",9,0,0,1,"romeo","rosos"
88,"rồ","rồ-ng","ng",1,4,"oà-ng","oà",4,0,0,1,"rồng","oàng"
252,"first_blank","first_blank-rủi","rủi",2,1,"first_blank-gip","gip",1,0,0,1,"rủi ro","gip ro"
257,"ru","ru-m","m",1,5,"iừ-m","iừ",3,2,0,1,"rum","iừm"
694,"rừ","rừ-ng","ng",1,1,"ào-ng","ào",1,0,0,1,"rừng","àong"
6,"ợu","ợu-last_blank","last_blank",1,3,"dó-last_blank","dó",3,0,0,1,"rượu","rưdó"
791,"rus","rus-ty","ty",2,1,"wha-ty","wha",1,0,0,1,"rusty","whaty"
82,"ạc","ạc-last_blank","last_blank",1,12,"ẹt-last_blank","ẹt",12,0,0,1,"sa mạc","sa mẹt"
585," lầm"," lầm-last_blank","last_blank",2,1,"flap-last_blank","flap",1,0,0,1,"sai lầm","saiflap"
141,"first_blank","first_blank-săn","săn",2,1,"first_blank-đới","đới",1,0,0,1,"săn bắn","đới bắn"
389,"first_blank","first_blank-sẵn","sẵn",2,6,"first_blank-clu","clu",6,0,0,1,"sẵn sàng","clu sàng"
279,"first_blank","first_blank-sân","sân",2,1,"first_blank-nhí","nhí",1,0,0,1,"sân vận động","nhí vận động"
166," hoả"," hoả-last_blank","last_blank",3,1,"clar-last_blank","clar",1,0,0,1,"sao hoả","saoclar"
910,"p xếp","p xếp-last_blank","last_blank",2,1,"vìxúc-last_blank","vìxúc",1,0,0,2,"sắp xếp","sắvìxúc"
730,"thủ","thủ-last_blank","last_blank",2,1,"yus-last_blank","yus",1,0,0,1,"sát thủ","sát yus"
939,"first_blank","first_blank-sâ","sâ",1,13,"first_blank-vớ","vớ",13,0,0,1,"sâu","vớu"
795,"lock","lock-last_blank","last_blank",2,23,"port-last_blank","port",23,0,0,1,"sherlock","sherport"
854,"nhân","nhân-last_blank","last_blank",4,1,"loski-last_blank","loski",1,0,1,1,"siêu nhân","siêu loski"
959,"iên","iên-last_blank","last_blank",5,1,"nected-last_blank","nected",1,0,3,1,"siêu nhiên","siêu nhnected"
29,"si","si-nh","nh",1,4,"ã -nh","ã ",3,1,0,1,"sinh","ã nh"
956,"first_blank","first_blank-sn","sn",1,54,"first_blank-pl","pl",54,0,0,1,"snack","plack"
783,"first_blank","first_blank-số","số",1,24,"first_blank-aw","aw",24,0,0,1,"số đông","aw đông"
936," l"," l-ượ","ượ",1,1,"àđ-ượ","àđ",1,0,0,1,"số lượng","sốàđượng"
904,"phận","phận-last_blank","last_blank",2,1,"lyon-last_blank","lyon",1,0,0,1,"số phận","số lyon"
887,"first_blank","first_blank-sở ","sở ",2,1,"first_blank-lẻn","lẻn",1,0,0,1,"sở thích","lẻnthích"
206,"first_blank","first_blank-sơ","sơ",1,13,"first_blank-iu","iu",13,0,0,1,"sơn","iun"
837," môi"," môi-last_blank","last_blank",2,1,"muội-last_blank","muội",1,0,0,1,"son môi","sonmuội"
943,"à chua","à chua-last_blank","last_blank",4,1,"terđưa-last_blank","terđưa",1,0,0,1,"sốt cà chua","sốt cterđưa"
841,"first_blank","first_blank-squir","squir",2,2,"first_blank-cruin","cruin",2,0,0,1,"squirrel","cruinrel"
817,"n bằng","n bằng-last_blank","last_blank",3,1,"htrung-last_blank","htrung",1,0,0,1,"sự cân bằng","sự câhtrung"
684," phép"," phép-last_blank","last_blank",3,1,"spiel-last_blank","spiel",1,0,0,1,"sự cho phép","sự chospiel"
226,"n bị","n bị-last_blank","last_blank",3,1,"dris-last_blank","dris",1,0,0,1,"sự chuẩn bị","sự chuẩdris"
377,"ó mặt","ó mặt-last_blank","last_blank",3,1,"terất-last_blank","terất",1,0,0,1,"sự có mặt","sự cterất"
452,"n loạn","n loạn-last_blank","last_blank",3,1,"delson-last_blank","delson",1,0,0,1,"sự hỗn loạn","sự hỗdelson"
508,"first_blank","first_blank-sự lự","sự lự",2,1,"first_blank-shala","shala",1,0,0,1,"sự lựa chọn","shalaa chọn"
83,"g muốn","g muốn-last_blank","last_blank",3,1,"gchung-last_blank","gchung",1,0,0,1,"sự mong muốn","sự mongchung"
596,"first_blank","first_blank-sự ng","sự ng",4,1,"first_blank-nilàm","nilàm",1,0,0,1,"sự ngạc nhiên","nilàmạc nhiên"
475,"first_blank","first_blank-sự n","sự n",2,1,"first_blank-lâun","lâun",1,0,0,1,"sự nghiệp","lâunghiệp"
690,"n nộ","n nộ-last_blank","last_blank",3,1,"coub-last_blank","coub",1,0,0,1,"sự phẫn nộ","sự phẫcoub"
576,"first_blank","first_blank-sự ","sự ",2,1,"first_blank-hèn","hèn",1,0,0,1,"sự phản xạ","hènphản xạ"
700,"i hợp","i hợp-last_blank","last_blank",3,1,"lypop-last_blank","lypop",1,0,0,1,"sự phối hợp","sự phốlypop"
623,"n lý","n lý-last_blank","last_blank",3,1,"besc-last_blank","besc",1,0,0,1,"sự quản lý","sự quảbesc"
73,"g tạo","g tạo-last_blank","last_blank",2,1,"gytôi-last_blank","gytôi",1,0,0,1,"sự sáng tạo","sự sángytôi"
824," nhục"," nhục-last_blank","last_blank",2,1,"cnước-last_blank","cnước",1,0,0,1,"sự sỉ nhục","sự sỉcnước"
867,"first_blank","first_blank-sự s","sự s",2,1,"first_blank-cots","cots",1,0,0,1,"sự sợ hãi","cotsợ hãi"
926,"n hóa","n hóa-last_blank","last_blank",3,1,"hchắc-last_blank","hchắc",1,0,0,1,"sự tiến hóa","sự tiếhchắc"
682," thù"," thù-last_blank","last_blank",3,1,"hưió-last_blank","hưió",1,0,0,1,"sự trả thù","sự trảhưió"
858,"ơ trẽn","ơ trẽn-last_blank","last_blank",3,1,"htrăng-last_blank","htrăng",1,0,0,1,"sự trơ trẽn","sự trhtrăng"
958,"ừ chức","ừ chức-last_blank","last_blank",3,1,"cáchti-last_blank","cáchti",1,0,0,1,"sự từ chức","sự tcáchti"
513,"ự do","ự do-last_blank","last_blank",3,1,"gach-last_blank","gach",1,0,0,1,"sự tự do","sự tgach"
172,"first_blank","first_blank-sữ","sữ",1,6,"first_blank-dả","dả",6,0,0,1,"sữa","dảa"
729,"first_blank","first_blank-sửa","sửa",2,1,"first_blank-ogo","ogo",1,0,0,1,"sửa chữa","ogo chữa"
825,"cả","cả-n","n",1,1,"ok-n","ok",1,0,0,1,"sức cản","sức okn"
128,"khỏe","khỏe-last_blank","last_blank",2,1,"shio-last_blank","shio",1,0,0,1,"sức khỏe","sức shio"
282,"c lực","c lực-last_blank","last_blank",2,1,"choặc-last_blank","choặc",1,0,0,1,"sức lực","sứchoặc"
541,"c mạnh","c mạnh-last_blank","last_blank",2,1,"chđánh-last_blank","chđánh",1,0,0,1,"sức mạnh","sứchđánh"
828,"sừ","sừ-ng","ng",1,1,"uh-ng","uh",1,0,0,1,"sừng","uhng"
216," lục"," lục-last_blank","last_blank",2,1,"cnic-last_blank","cnic",1,0,0,1,"súng lục","súngcnic"
571,"first_blank","first_blank-súng","súng",2,4,"first_blank-skee","skee",4,0,0,1,"súng trường","skee trường"
277,"first_blank","first_blank-sú","sú",1,11,"first_blank-cã","cã",11,0,0,1,"súp","cãp"
689,"first_blank","first_blank-sư","sư",1,29,"first_blank-tt","tt",29,0,0,1,"sưu tầm","ttu tầm"
99,"first_blank","first_blank-tà","tà",1,13,"first_blank-bâ","bâ",13,0,0,1,"tà ác","bâ ác"
20,"c giả","c giả-last_blank","last_blank",2,1,"choid-last_blank","choid",1,0,0,1,"tác giả","táchoid"
476,"tá","tá-ch","ch",1,1,"tá-na","na",1,0,0,1,"tách","tána"
108,"first_blank","first_blank-tài","tài",2,2,"first_blank-phí","phí",2,0,0,1,"tài chính","phí chính"
665," họa"," họa-last_blank","last_blank",2,1,"cbua-last_blank","cbua",1,0,0,1,"tai họa","taicbua"
434,"thần","thần-last_blank","last_blank",2,1,"chor-last_blank","chor",1,0,0,1,"tâm thần","tâm chor"
668,"first_blank","first_blank-tàn","tàn",2,1,"first_blank-cấm","cấm",1,0,0,1,"tàn bạo","cấm bạo"
881," chảy"," chảy-last_blank","last_blank",2,1,"ishly-last_blank","ishly",1,0,0,1,"tan chảy","tanishly"
577,"first_blank","first_blank-tần","tần",2,1,"first_blank-jey","jey",1,0,0,1,"tần số","jey số"
709,"first_blank","first_blank-tặng","tặng",2,1,"first_blank-thểo","thểo",1,0,0,1,"tặng kem","thểo kem"
565,"first_blank","first_blank-tăng","tăng",2,1,"first_blank-tchu","tchu",1,0,0,1,"tăng lên","tchu lên"
72," ra"," ra-last_blank","last_blank",2,1,"hđo-last_blank","hđo",1,0,0,1,"tạo ra","tạohđo"
18,"tá","tá-c","c",1,1,"lộ-c","lộ",1,0,0,1,"tạo tác","tạo lộc"
474," tin"," tin-last_blank","last_blank",2,1,"dinn-last_blank","dinn",1,0,0,1,"tập tin","tậpdinn"
285,"ng","ng-ầm","ầm",1,1,"ng-oè","oè",1,0,0,1,"tàu ngầm","tàu ngoè"
126,"ta","ta-y","y",1,7,"ge-y","ge",7,0,0,1,"tay","gey"
457,"le","le-gram","gram",3,1,"le-nexa","nexa",1,0,0,1,"telegram","telenexa"
178,"first_blank","first_blank-tê","tê",1,22,"first_blank-àt","àt",22,0,0,1,"tên","àtn"
618,"first_blank","first_blank-tên","tên",2,8,"first_blank-kiế","kiế",8,0,0,1,"tên lửa","kiế lửa"
835," nick"," nick-last_blank","last_blank",3,1,"tñixí-last_blank","tñixí",1,0,0,1,"tên nick","têntñixí"
114,"th","th-a ","a ",1,1,"th-ẫy","ẫy",1,0,0,1,"tha lỗi","thẫylỗi"
115,"thứ","thứ-last_blank","last_blank",2,1,"vod-last_blank","vod",1,0,0,1,"tha thứ","tha vod"
855,"first_blank","first_blank-thái","thái",3,1,"first_blank-zasz","zasz",1,0,0,1,"thái bình dương","zasz bình dương"
52,"th","th-an","an",1,8,"ne-an","ne",8,0,0,1,"than","nean"
698,"kinh","kinh-last_blank","last_blank",3,1,"gris-last_blank","gris",1,0,0,1,"thần kinh","thần gris"
932,"first_blank","first_blank-thận","thận",2,7,"first_blank-đấyn","đấyn",7,0,0,1,"thận trọng","đấyn trọng"
464,"th","th-án","án",1,3,"iđ-án","iđ",3,0,0,1,"tháng","iđáng"
388," chín"," chín-last_blank","last_blank",2,1,"chaun-last_blank","chaun",1,0,0,1,"tháng chín","thángchaun"
189,"first_blank","first_blank-tháng","tháng",2,5,"first_blank-nhngk","nhngk",5,0,0,1,"tháng mười một","nhngk mười một"
503,"th","th-án","án",1,3,"qu-án","qu",3,0,0,1,"tháng sáu","quáng sáu"
374,"h công","h công-last_blank","last_blank",2,1,"htđừng-last_blank","htđừng",1,0,0,1,"thành công","thànhtđừng"
360,"first_blank","first_blank-than","than",2,19,"first_blank-glen","glen",19,0,0,1,"thanh kiếm","glenh kiếm"
759,"nộ","nộ-i","i",1,1,"gứ-i","gứ",1,0,0,1,"thành nội","thành gứi"
617,"h tra","h tra-last_blank","last_blank",2,1,"htroy-last_blank","htroy",1,0,0,1,"thanh tra","thanhtroy"
492,"ạo","ạo-last_blank","last_blank",1,8,"sn-last_blank","sn",8,0,0,1,"thạo","thsn"
158,"th","th-ấp","ấp",1,1,"in-ấp","in",1,0,0,1,"thấp","inấp"
691," hơn"," hơn-last_blank","last_blank",2,1,"cóbn-last_blank","cóbn",1,0,0,1,"thấp hơn","thấpcóbn"
302,"th","th-ật","ật",1,3,"th-ướ","ướ",3,0,0,1,"thật","thướ"
954,"first_blank","first_blank-thật ","thật ",3,1,"first_blank-tinhn","tinhn",1,0,0,1,"thật không may","tinhnkhông may"
265,"ấy","ấy-last_blank","last_blank",1,42,"bố-last_blank","bố",42,0,0,1,"thấy","thbố"
43,"ổi","ổi-last_blank","last_blank",1,17,"yn-last_blank","yn",17,0,0,1,"thay đổi","thay đyn"
535," ma"," ma-last_blank","last_blank",2,1,"woi-last_blank","woi",1,0,0,1,"thây ma","thâywoi"
244,"thế","thế-last_blank","last_blank",2,1,"hàn-last_blank","hàn",1,0,0,1,"thay thế","thay hàn"
509,"th","th-ề","ề",1,1,"mđ-ề","mđ",1,0,0,1,"thề","mđề"
453,"kỷ","kỷ-last_blank","last_blank",1,3,"ẻn-last_blank","ẻn",3,0,0,1,"thế kỷ","thế ẻn"
220,"th","th-êm","êm",1,2,"th-âì","âì",2,0,0,1,"thêm","thâì"
113,"eo","eo-last_blank","last_blank",1,18,"zz-last_blank","zz",18,0,0,1,"theo","thzz"
811,"nghĩa đen","nghĩa đen-last_blank","last_blank",3,1,"nđườngđến-last_blank","nđườngđến",1,0,0,3,"theo đúng nghĩa đen","theo đúng nđườngđến"
292,"ie","ie-f","f",1,3,"ti-f","ti",3,0,0,1,"thief","thtif"
207,"n đường","n đường-last_blank","last_blank",3,1,"nóiđúng-last_blank","nóiđúng",1,0,0,1,"thiên đường","thiênóiđúng"
118," tài"," tài-last_blank","last_blank",3,1,"cbin-last_blank","cbin",1,0,0,1,"thiên tài","thiêncbin"
13,"thần","thần-last_blank","last_blank",3,1,"mais-last_blank","mais",1,0,0,1,"thiên thần","thiên mais"
720,"first_blank","first_blank-thiết","thiết",3,3,"first_blank-schil","schil",3,0,0,1,"thiết bị đầu cuối","schil bị đầu cuối"
843,"first_blank","first_blank-thiếu","thiếu",3,1,"first_blank-choon","choon",1,0,0,1,"thiếu hiểu biết","choon hiểu biết"
562,"first_blank","first_blank-thiếu","thiếu",3,1,"first_blank-guild","guild",1,0,0,1,"thiếu niên","guild niên"
130,"first_blank","first_blank-thín","thín",2,1,"first_blank-cçan","cçan",1,0,0,1,"thính giác","cçanh giác"
276,"first_blank","first_blank-thỉn","thỉn",3,1,"first_blank-xess","xess",1,0,0,1,"thỉnh thoảng","xessh thoảng"
888," heo"," heo-last_blank","last_blank",2,1,"hoẻo-last_blank","hoẻo",1,0,0,1,"thịt heo","thịthoẻo"
526,"ãn","ãn-last_blank","last_blank",1,20,"ầu-last_blank","ầu",20,0,0,1,"thỏa mãn","thỏa mầu"
55,"má","má-i","i",1,1,"ðà-i","ðà",1,0,0,1,"thoải mái","thoải ðài"
333,"đố","đố-c","c",1,1,"vó-c","vó",1,0,0,1,"thống đốc","thống vóc"
101," minh"," minh-last_blank","last_blank",2,1,"phing-last_blank","phing",1,0,0,1,"thông minh","thôngphing"
187,"first_blank","first_blank-thông ","thông ",2,1,"first_blank-thậtng","thậtng",1,0,0,1,"thông thường","thậtngthường"
162,"th","th-ư","ư",1,1,"ền-ư","ền",1,0,0,1,"thư","ềnư"
259,"first_blank","first_blank-thứ","thứ",2,16,"first_blank-mol","mol",16,0,0,1,"thứ bảy","mol bảy"
651,"đô","đô-last_blank","last_blank",1,4,"nf-last_blank","nf",4,0,0,1,"thủ đô","thủ nf"
117,"th","th-u ","u ",1,1,"th-ếm","ếm",1,0,0,1,"thu được","thếmđược"
263," hai"," hai-last_blank","last_blank",2,1,"hàđi-last_blank","hàđi",1,0,0,1,"thứ hai","thứhàđi"
379,"ký","ký-last_blank","last_blank",1,1,"學校-last_blank","學校",1,0,0,1,"thư ký","thư 學校"
150,"first_blank","first_blank-thư","thư",2,4,"first_blank-nga","nga",4,0,0,1,"thư viện","nga viện"
803,"nhận","nhận-last_blank","last_blank",2,1,"hyên-last_blank","hyên",1,0,0,1,"thừa nhận","thừa hyên"
598,"first_blank","first_blank-thự","thự",2,9,"first_blank-fee","fee",9,0,0,1,"thực hành","feec hành"
1,"first_blank","first_blank-thự","thự",2,9,"first_blank-aka","aka",9,0,0,1,"thực ra","akac ra"
479," t"," t-ế","ế",1,1,"đi-ế","đi",1,0,0,1,"thực tế","thựcđiế"
645,"first_blank","first_blank-thự","thự",2,9,"first_blank-óng","óng",9,0,0,1,"thực vật","óngc vật"
136,"uê","uê-last_blank","last_blank",1,6,"nx-last_blank","nx",6,0,0,1,"thuê","thnx"
624,"first_blank","first_blank-thuộ","thuộ",2,1,"first_blank-toxo","toxo",1,0,0,1,"thuộc địa","toxoc địa"
296,"c lá","c lá-last_blank","last_blank",2,1,"conh-last_blank","conh",1,0,0,1,"thuốc lá","thuốconh"
944,"c súng","c súng-last_blank","last_blank",2,1,"nósáng-last_blank","nósáng",1,0,0,1,"thuốc súng","thuốnósáng"
57,"ng mai","ng mai-last_blank","last_blank",6,1,"giỏilắm-last_blank","giỏilắm",1,0,1,1,"thuoc ve thuong mai","thuoc ve thuogiỏilắm"
914," hiệu"," hiệu-last_blank","last_blank",2,1,"mđiều-last_blank","mđiều",1,0,0,1,"thương hiệu","thươngmđiều"
988,"ng","ng- x"," x",1,1,"ng-og","og",1,0,0,1,"thương xót","thươngogót"
323,"ch cực","ch cực-last_blank","last_blank",2,1,"chđươc-last_blank","chđươc",1,0,0,1,"tích cực","tíchđươc"
649,"first_blank","first_blank-tiềm","tiềm",2,1,"first_blank-châm","châm",1,0,0,1,"tiềm năng","châm năng"
636," mặt"," mặt-last_blank","last_blank",2,1,"crat-last_blank","crat",1,0,0,1,"tiền mặt","tiềncrat"
325,"first_blank","first_blank-tiến","tiến",2,5,"first_blank-high","high",5,0,0,1,"tiếng anh","highg anh"
376,"ồn","ồn-last_blank","last_blank",1,15,"ải-last_blank","ải",15,0,0,1,"tiếng ồn","tiếng ải"
915,"nhận","nhận-last_blank","last_blank",2,1,"hhim-last_blank","hhim",1,0,0,1,"tiếp nhận","tiếp hhim"
775," tục"," tục-last_blank","last_blank",2,1,"stuf-last_blank","stuf",1,0,0,1,"tiếp tục","tiếpstuf"
510,"first_blank","first_blank-tiế","tiế",2,5,"first_blank-myo","myo",5,0,0,1,"tiếp xúc","myop xúc"
816,"first_blank","first_blank-tiết","tiết",2,1,"first_blank-wiel","wiel",1,0,0,1,"tiết diện","wiel diện"
516,"u điểm","u điểm-last_blank","last_blank",3,1,"chhiểu-last_blank","chhiểu",1,0,0,1,"tiêu điểm","tiêchhiểu"
442,"first_blank","first_blank-tìm","tìm",2,5,"first_blank-biệ","biệ",5,0,0,1,"tìm kiếm","biệ kiếm"
736," dụng"," dụng-last_blank","last_blank",2,1,"hvòng-last_blank","hvòng",1,0,0,1,"tín dụng","tínhvòng"
266,"first_blank","first_blank-tìn","tìn",2,13,"first_blank-dal","dal",13,0,0,1,"tình dục","dalh dục"
462,"first_blank","first_blank-tìn","tìn",2,13,"first_blank-lip","lip",13,0,0,1,"tình hình","liph hình"
755,"first_blank","first_blank-tĩ","tĩ",1,10,"first_blank-cç","cç",10,0,0,1,"tĩnh mạch","cçnh mạch"
827,"first_blank","first_blank-tình ","tình ",4,1,"first_blank-fourf","fourf",1,0,0,1,"tình nguyện viên","fourfnguyện viên"
774,"first_blank","first_blank-tình ","tình ",2,1,"first_blank-mãnhn","mãnhn",1,0,0,1,"tình nhân","mãnhnnhân"
699,"first_blank","first_blank-tỉn","tỉn",2,1,"first_blank-eru","eru",1,0,0,1,"tỉnh táo","eruh táo"
182,"tổ","tổ-last_blank","last_blank",1,3,"iế-last_blank","iế",3,0,0,1,"tổ","iế"
137," chức"," chức-last_blank","last_blank",2,1,"chich-last_blank","chich",1,0,0,1,"tổ chức","tổchich"
654,"từ thiện","từ thiện-last_blank","last_blank",3,1,"từđâuđến-last_blank","từđâuđến",1,0,0,2,"tổ chức từ thiện","tổ chức từđâuđến"
583," l"," l-ớn","ớn",1,1,"hứ-ớn","hứ",1,0,0,1,"to lớn","tohứớn"
414,"first_blank","first_blank-tò","tò",1,8,"first_blank-dó","dó",8,0,0,1,"tòa án","dóa án"
527,"first_blank","first_blank-tòa ","tòa ",2,1,"first_blank-cònt","cònt",1,0,0,1,"tòa tháp","cònttháp"
688," bộ"," bộ-last_blank","last_blank",2,1,"kyo-last_blank","kyo",1,0,0,1,"toàn bộ","toànkyo"
544,"first_blank","first_blank-tó","tó",1,17,"first_blank-ow","ow",17,0,0,1,"tóc","owc"
840,"tỏ","tỏ-i","i",1,1,"uổ-i","uổ",1,0,0,1,"tỏi","uổi"
270,"tộ","tộ-i","i",1,1,"gg-i","gg",1,0,0,1,"tội","ggi"
810,"sẽ","sẽ-last_blank","last_blank",1,35,"ok-last_blank","ok",35,0,0,1,"tôi sẽ","tôi ok"
385,"first_blank","first_blank-tối","tối",2,8,"first_blank-piz","piz",8,0,0,1,"tối thiểu","piz thiểu"
885,"first_blank","first_blank-tổ","tổ",1,9,"first_blank-mụ","mụ",9,0,0,1,"tổng","mụng"
581,"first_blank","first_blank-tố","tố",1,37,"first_blank-ob","ob",37,0,0,1,"tốt","obt"
504,"tr","tr-ả ","ả ",1,1,"tr-ot","ot",1,0,0,1,"trả lời","trotlời"
247,"nhiệm","nhiệm-last_blank","last_blank",3,1,"nenếu-last_blank","nenếu",1,0,0,1,"trách nhiệm","trách nenếu"
769,"ại","ại-last_blank","last_blank",1,40,"jo-last_blank","jo",40,0,0,1,"trại","trjo"
593,"first_blank","first_blank-trải","trải",2,1,"first_blank-thim","thim",1,0,0,1,"trải qua","thim qua"
322,"tr","tr-ắn","ắn",1,3,"tr-áº","áº",3,0,0,1,"trắng","tráºg"
739,"thái","thái-last_blank","last_blank",2,1,"cmoi-last_blank","cmoi",1,0,0,1,"trạng thái","trạng cmoi"
812,"t bị","t bị-last_blank","last_blank",3,1,"phet-last_blank","phet",1,0,0,1,"trang thiết bị","trang thiếphet"
127,"tr","tr-eo","eo",1,1,"tr-il","il",1,0,0,1,"treo","tril"
482,"èo","èo-last_blank","last_blank",1,10,"tn-last_blank","tn",10,0,0,1,"trèo","trtn"
124,"ân","ân-last_blank","last_blank",1,22,"tr-last_blank","tr",22,0,0,1,"tri ân","tri tr"
489,"first_blank","first_blank-trị","trị",2,3,"first_blank-uku","uku",3,0,0,1,"trị liệu","uku liệu"
971,"g tượng","g tượng-last_blank","last_blank",3,1,"grõràng-last_blank","grõràng",1,0,0,1,"trí tưởng tượng","trí tưởngrõràng"
213,"first_blank","first_blank-triết","triết",2,1,"first_blank-stric","stric",1,0,0,1,"triết học","stric học"
173,"tr","tr-iệ","iệ",1,5,"tr-ượ","ượ",5,0,0,1,"triệu","trượu"
287,"first_blank","first_blank-triệu","triệu",2,1,"first_blank-trubs","trubs",1,0,0,1,"triệu chứng","trubs chứng"
945,"tr","tr-iề","iề",1,2,"tr-ạm","ạm",2,0,0,1,"triều đại","trạmu đại"
500,"tr","tr-o","o",1,2,"đi-o","đi",2,0,0,1,"tro","đio"
459,"tr","tr-ở ","ở ",1,1,"tr-eo","eo",1,0,0,1,"trở lại","treolại"
851,"ở ","ở -ng","ng",1,1,"vẵ-ng","vẵ",1,0,0,1,"trở ngại","trvẵngại"
672,"first_blank","first_blank-trớ","trớ",2,1,"first_blank-ăca","ăca",1,0,0,1,"trớ trêu","ăca trêu"
931,"first_blank","first_blank-trói","trói",2,1,"first_blank-tmăt","tmăt",1,0,0,1,"trói buộc","tmăt buộc"
574," cắp"," cắp-last_blank","last_blank",3,1,"veal-last_blank","veal",1,0,0,1,"trộm cắp","trộmveal"
732,"first_blank","first_blank-trốn","trốn",2,2,"first_blank-frap","frap",2,0,0,1,"trống rỗng","frapg rỗng"
869," tải"," tải-last_blank","last_blank",2,1,"urụi-last_blank","urụi",1,0,0,1,"trọng tải","trọngurụi"
460,"tr","tr-ực","ực",1,2,"tr-ổn","ổn",2,0,0,1,"trực tiếp","trổn tiếp"
718,"un","un-g ","g ",1,1,"un-di","di",1,0,0,1,"trung đoàn","trundiđoàn"
236,"phạt","phạt-last_blank","last_blank",2,1,"chob-last_blank","chob",1,0,0,1,"trừng phạt","trừng chob"
361,"sĩ","sĩ-last_blank","last_blank",1,2,"iụ-last_blank","iụ",2,0,0,1,"trung sĩ","trung iụ"
613,"first_blank","first_blank-trung ","trung ",2,1,"first_blank-thắngn","thắngn",1,0,0,1,"trung thành","thắngnthành"
356,"i học","i học-last_blank","last_blank",2,1,"ishly-last_blank","ishly",1,0,0,1,"trường đại học","trường đạishly"
751,"khoa","khoa-last_blank","last_blank",2,1,"kinh-last_blank","kinh",1,0,0,1,"trưởng khoa","trưởng kinh"
719,"m hứng","m hứng-last_blank","last_blank",3,1,"noying-last_blank","noying",1,0,0,1,"truyền cảm hứng","truyền cảnoying"
643,"tủ","tủ-last_blank","last_blank",1,2,"åi-last_blank","åi",2,0,0,1,"tủ","åi"
319,"từ","từ-last_blank","last_blank",1,43,"ợc-last_blank","ợc",44,1,0,1,"từ","ợc"
686," chối"," chối-last_blank","last_blank",2,1,"hcháu-last_blank","hcháu",1,0,0,1,"từ chối","từhcháu"
981,"iể","iể-n","n",1,8,"ei-n","ei",8,0,0,1,"từ điển","từ đein"
716," do"," do-last_blank","last_blank",2,1,"lời-last_blank","lời",1,0,0,1,"tự do","tựlời"
558," hào"," hào-last_blank","last_blank",2,1,"chìm-last_blank","chìm",1,0,0,1,"tự hào","tựchìm"
937,"first_blank","first_blank-tự ","tự ",3,1,"first_blank-vậtn","vậtn",1,0,1,1,"tự nhiên","vậtnnhiên"
80," tế"," tế-last_blank","last_blank",2,1,"bop-last_blank","bop",1,0,0,1,"tử tế","tửbop"
161," tính"," tính-last_blank","last_blank",2,1,"khinh-last_blank","khinh",1,0,0,1,"từ tính","từkhinh"
338," tử"," tử-last_blank","last_blank",2,1,"râl-last_blank","râl",1,0,0,1,"tự tử","tựrâl"
79," vong"," vong-last_blank","last_blank",2,1,"gring-last_blank","gring",1,0,0,1,"tử vong","tửgring"
553,"first_blank","first_blank-tú","tú",1,14,"first_blank-lị","lị",14,0,0,1,"túi","lịi"
961,"first_blank","first_blank-tuổi","tuổi",2,3,"first_blank-twel","twel",3,0,0,1,"tuổi teen","twel teen"
468,"first_blank","first_blank-tư","tư",1,50,"first_blank-sẽ","sẽ",50,0,0,1,"tường","sẽờng"
506," lai"," lai-last_blank","last_blank",2,1,"nait-last_blank","nait",1,0,0,1,"tương lai","tươngnait"
692,"n ","n -đư","đư",1,1,"oh-đư","oh",1,0,0,1,"tuyến đường","tuyếohđường"
415," vời"," vời-last_blank","last_blank",2,1,"cvik-last_blank","cvik",1,0,0,1,"tuyệt vời","tuyệtcvik"
874,"first_blank","first_blank-ứng","ứng",3,1,"first_blank-doud","doud",1,0,1,1,"ứng viên","doud viên"
408,"first_blank","first_blank-uố","uố",1,3,"first_blank-gê","gê",3,0,0,1,"uống","gêng"
384," ban"," ban-last_blank","last_blank",2,1,"plar-last_blank","plar",1,0,0,1,"uỷ ban","uỷplar"
787,"gh","gh-i","i",1,2,"ex-i","ex",2,0,0,1,"uy nghi","uy nexi"
32,"ng tác","ng tác-last_blank","last_blank",4,1,"nahlee-last_blank","nahlee",1,0,0,1,"va li công tác","va li cônahlee"
608,"va","va-i","i",1,1,"gg-i","gg",1,0,0,1,"vai","ggi"
49,"first_blank","first_blank-vả","vả",1,10,"first_blank-sắ","sắ",10,0,0,1,"vải","sắi"
933,"va","va-n","n",1,1,"gó-n","gó",1,0,0,1,"van","gón"
167,"đề","đề-last_blank","last_blank",1,1,"lổ-last_blank","lổ",1,0,0,1,"vấn đề","vấn lổ"
198,"first_blank","first_blank-vận","vận",2,1,"first_blank-cál","cál",1,0,0,1,"vận hành","cál hành"
402,"first_blank","first_blank-văn","văn",2,1,"first_blank-lúc","lúc",1,0,0,1,"văn hoá","lúc hoá"
776,"và","và-ng","ng",1,2,"và-or","or",2,0,0,1,"vàng","vàor"
610,"vậ","vậ-t","t",1,4,"iệ-t","iệ",4,0,0,1,"vật","iệt"
214," lý"," lý-last_blank","last_blank",2,1,"fes-last_blank","fes",1,0,0,1,"vật lý","vậtfes"
620,"first_blank","first_blank-vá","vá",1,22,"first_blank-rô","rô",22,0,0,1,"váy","rôy"
555,"vé","vé-last_blank","last_blank",1,8,"òt-last_blank","òt",8,0,0,1,"vé","òt"
560,"first_blank","first_blank-vết ","vết ",2,1,"first_blank-vong","vong",1,0,0,1,"vết thương","vongthương"
450,"rút","rút-last_blank","last_blank",2,2,"mex-last_blank","mex",2,0,0,1,"vi-rút","vimex"
847," nhộng"," nhộng-last_blank","last_blank",5,1,"rushka-last_blank","rushka",1,0,0,1,"viên con nhộng","viên conrushka"
754,"thuốc","thuốc-last_blank","last_blank",3,1,"chiếm-last_blank","chiếm",1,0,0,1,"viên thuốc","viên chiếm"
26,"first_blank","first_blank-vị","vị",1,18,"first_blank-ug","ug",18,0,0,1,"vịnh","ugnh"
98,"first_blank","first_blank-vĩn","vĩn",2,1,"first_blank-ges","ges",1,0,0,1,"vĩnh hằng","gesh hằng"
831,"first_blank","first_blank-vin","vin",2,20,"first_blank-sei","sei",20,0,0,1,"vinh quang","seih quang"
14," danh"," danh-last_blank","last_blank",2,1,"drahn-last_blank","drahn",1,0,0,1,"vô danh","vôdrahn"
868," ích"," ích-last_blank","last_blank",2,1,"kênh-last_blank","kênh",1,0,0,1,"vô ích","vôkênh"
122,"first_blank","first_blank-vồ","vồ",1,4,"first_blank-bử","bử",4,0,0,1,"vồ lấy","bử lấy"
938," tình"," tình-last_blank","last_blank",2,1,"giành-last_blank","giành",1,0,0,1,"vô tình","vôgiành"
336," tội"," tội-last_blank","last_blank",2,1,"hcởi-last_blank","hcởi",1,0,0,1,"vô tội","vôhcởi"
602,"first_blank","first_blank-vòi","vòi",2,1,"first_blank-lyz","lyz",1,0,0,1,"vòi sen","lyz sen"
254,"vò","vò-ng","ng",1,1,"ồi-ng","ồi",1,0,0,1,"vòng","ồing"
653,"first_blank","first_blank-vòng","vòng",2,4,"first_blank-bank","bank",4,0,0,1,"vòng tròn","bank tròn"
383," công"," công-last_blank","last_blank",2,1,"nđàng-last_blank","nđàng",1,0,0,1,"vũ công","vũnđàng"
399," trụ"," trụ-last_blank","last_blank",2,1,"werp-last_blank","werp",1,0,0,1,"vũ trụ","vũwerp"
549,"lò","lò-ng","ng",1,1,"lò-ai","ai",1,0,0,1,"vui lòng","vui lòai"
792,"first_blank","first_blank-vững","vững",2,1,"first_blank-punt","punt",1,0,0,1,"vững chắc","punt chắc"
109,"first_blank","first_blank-vững","vững",2,1,"first_blank-jenn","jenn",1,0,0,1,"vững chãi","jenn chãi"
780,"first_blank","first_blank-vườn","vườn",3,1,"first_blank-enra","enra",1,0,0,1,"vườn bách thú","enra bách thú"
75,"first_blank","first_blank-vương","vương",2,1,"first_blank-maang","maang",1,0,0,1,"vương miện","maang miện"
537,"shing","shing-ton","ton",3,2,"brans-ton","brans",1,1,0,1,"washington","wabranston"
316,"first_blank","first_blank-whis","whis",2,18,"first_blank-brig","brig",18,0,0,1,"whisky","brigky"
422," hội"," hội-last_blank","last_blank",2,1,"chla-last_blank","chla",1,0,0,1,"xã hội","xãchla"
674," hội đen"," hội đen-last_blank","last_blank",2,1,"chạytrốn-last_blank","chạytrốn",1,0,0,4,"xã hội đen","xãchạytrốn"
386,"nhận","nhận-last_blank","last_blank",3,1,"đóđã-last_blank","đóđã",1,0,0,1,"xác nhận","xác đóđã"
229,"c suất","c suất-last_blank","last_blank",2,1,"lasrất-last_blank","lasrất",1,0,0,1,"xác suất","xálasrất"
567,"first_blank","first_blank-xăm","xăm",2,1,"first_blank-đêp","đêp",1,0,0,1,"xăm hình","đêp hình"
64,"first_blank","first_blank-xâ","xâ",1,7,"first_blank-mệ","mệ",7,0,0,1,"xây dựng","mệy dựng"
883," ra"," ra-last_blank","last_blank",2,1,"alm-last_blank","alm",1,0,0,1,"xảy ra","xảyalm"
290,"xé","xé-last_blank","last_blank",1,1,"嵐了-last_blank","嵐了",1,0,0,1,"xé","嵐了"
12," thương"," thương-last_blank","last_blank",3,1,"htasống-last_blank","htasống",1,0,0,1,"xe cứu thương","xe cứuhtasống"
147," jeep"," jeep-last_blank","last_blank",2,1,"hseen-last_blank","hseen",1,0,0,1,"xe jeep","xehseen"
347," lửa"," lửa-last_blank","last_blank",2,1,"slau-last_blank","slau",1,0,0,1,"xe lửa","xeslau"
289,"ắc xi","ắc xi-last_blank","last_blank",3,1,"zashi-last_blank","zashi",1,0,0,1,"xe tắc xi","xe tzashi"
288," tăng"," tăng-last_blank","last_blank",2,1,"hhứng-last_blank","hhứng",1,0,0,1,"xe tăng","xehhứng"
63,"m xét","m xét-last_blank","last_blank",2,1,"lomét-last_blank","lomét",1,0,0,1,"xem xét","xelomét"
40,"xi","xi- m"," m",1,1,"xi-ri","ri",1,0,0,1,"xi măng","xiriăng"
131,"first_blank","first_blank-xin","xin",2,28,"first_blank-lỗi","lỗi",28,0,0,1,"xin chào","lỗi chào"
305,"first_blank","first_blank-xo","xo",2,50,"first_blank-chỉ","chỉ",50,0,1,1,"xoay","chỉay"
235,"xu","xu-ng","ng",1,1,"xu-ỗn","ỗn",1,0,0,1,"xung","xuỗn"
862,"first_blank","first_blank-xứ","xứ",1,3,"first_blank-àa","àa",3,0,0,1,"xứng đáng","àang đáng"
87,"first_blank","first_blank-xu","xu",1,64,"first_blank-af","af",65,1,0,1,"xuống","afống"
748,"first_blank","first_blank-xư","xư",1,16,"first_blank-rấ","rấ",16,0,0,1,"xưởng","rấởng"
103,"n ","n -xu","xu",1,1,"ri-xu","ri",1,0,0,1,"xưởng sản xuất","xưởng sảrixuất"
170,"khoa","khoa-last_blank","last_blank",2,1,"lyou-last_blank","lyou",1,0,0,1,"y khoa","y lyou"
199,"first_blank","first_blank-ý ","ý ",1,1,"first_blank-我學","我學",1,0,0,1,"ý kiến","我學kiến"
169,"ghĩa","ghĩa-last_blank","last_blank",2,1,"clửa-last_blank","clửa",1,0,0,1,"ý nghĩa","ý nclửa"
911,"first_blank","first_blank-ý ","ý ",1,1,"first_blank-èm","èm",1,0,0,1,"ý tưởng","èmtưởng"
469,"first_blank","first_blank-yên","yên",2,3,"first_blank-kaf","kaf",3,0,0,1,"yên tĩnh","kaf tĩnh"
56," cầu"," cầu-last_blank","last_blank",3,1,"meha-last_blank","meha",1,0,0,1,"yêu cầu","yêumeha"
721,"yo","yo-ga","ga",2,1,"ste-ga","ste",1,0,1,1,"yoga","stega"
